actor,character,first_appearance,company,purchase_date,shares,Date,Open,High,Low,Close,Volume,OpenInt,Unnamed: 0,make,fuel_type,aspiration,num_of_doors,body_style,drive_wheels,engine_location,wheel_base,length,width,height,curb_weight,engine_type,num_of_cylinders,engine_size,fuel_system,compression_ratio,horsepower,peak_rpm,city_mpg,highway_mpg,price
Sean Bean,"Eddard ""Ned"" Stark",1.0,,,,,,,,,,,,,,,,,,,,,,,,,,,,,,,,,
Mark Addy,Robert Baratheon,1.0,,,,,,,,,,,,,,,,,,,,,,,,,,,,,,,,,
Nikolaj Coster-Waldau,Jaime Lannister,1.0,,,,,,,,,,,,,,,,,,,,,,,,,,,,,,,,,
Michelle Fairley,Catelyn Stark,1.0,,,,,,,,,,,,,,,,,,,,,,,,,,,,,,,,,
Lena Headey,Cersei Lannister,1.0,,,,,,,,,,,,,,,,,,,,,,,,,,,,,,,,,
Emilia Clarke,Daenerys Targaryen,1.0,,,,,,,,,,,,,,,,,,,,,,,,,,,,,,,,,
Iain Glen,Jorah Mormont,1.0,,,,,,,,,,,,,,,,,,,,,,,,,,,,,,,,,
Harry Lloyd,Viserys Targaryen,1.0,,,,,,,,,,,,,,,,,,,,,,,,,,,,,,,,,
Kit Harington,Jon Snow,1.0,,,,,,,,,,,,,,,,,,,,,,,,,,,,,,,,,
Sophie Turner,Sansa Stark,1.0,,,,,,,,,,,,,,,,,,,,,,,,,,,,,,,,,
Maisie Williams,Arya Stark,1.0,,,,,,,,,,,,,,,,,,,,,,,,,,,,,,,,,
Richard Madden,Robb Stark,1.0,,,,,,,,,,,,,,,,,,,,,,,,,,,,,,,,,
Alfie Allen,Theon Greyjoy,1.0,,,,,,,,,,,,,,,,,,,,,,,,,,,,,,,,,
Isaac Hempstead Wright,Bran Stark,1.0,,,,,,,,,,,,,,,,,,,,,,,,,,,,,,,,,
Jack Gleeson,Joffrey Baratheon,1.0,,,,,,,,,,,,,,,,,,,,,,,,,,,,,,,,,
Rory McCann,"Sandor ""The Hound"" Clegane",1.0,,,,,,,,,,,,,,,,,,,,,,,,,,,,,,,,,
Peter Dinklage,Tyrion Lannister,1.0,,,,,,,,,,,,,,,,,,,,,,,,,,,,,,,,,
Jason Momoa,Khal Drogo,1.0,,,,,,,,,,,,,,,,,,,,,,,,,,,,,,,,,
Aidan Gillen,"Petyr ""Littlefinger"" Baelish",1.0,,,,,,,,,,,,,,,,,,,,,,,,,,,,,,,,,
Liam Cunningham,Davos Seaworth,2.0,,,,,,,,,,,,,,,,,,,,,,,,,,,,,,,,,
John Bradley,Samwell Tarly,1.0,,,,,,,,,,,,,,,,,,,,,,,,,,,,,,,,,
Stephen Dillane,Stannis Baratheon,2.0,,,,,,,,,,,,,,,,,,,,,,,,,,,,,,,,,
Carice van Houten,Melisandre,2.0,,,,,,,,,,,,,,,,,,,,,,,,,,,,,,,,,
James Cosmo,Jeor Mormont,1.0,,,,,,,,,,,,,,,,,,,,,,,,,,,,,,,,,
Jerome Flynn,Bronn,1.0,,,,,,,,,,,,,,,,,,,,,,,,,,,,,,,,,
Conleth Hill,Varys,1.0,,,,,,,,,,,,,,,,,,,,,,,,,,,,,,,,,
Sibel Kekilli,Shae,1.0,,,,,,,,,,,,,,,,,,,,,,,,,,,,,,,,,
Natalie Dormer,Margaery Tyrell,2.0,,,,,,,,,,,,,,,,,,,,,,,,,,,,,,,,,
Charles Dance,Tywin Lannister,1.0,,,,,,,,,,,,,,,,,,,,,,,,,,,,,,,,,
Oona Chaplin,Talisa Maegyr,2.0,,,,,,,,,,,,,,,,,,,,,,,,,,,,,,,,,
Rose Leslie,Ygritte,2.0,,,,,,,,,,,,,,,,,,,,,,,,,,,,,,,,,
Joe Dempsie,Gendry,1.0,,,,,,,,,,,,,,,,,,,,,,,,,,,,,,,,,
Kristofer Hivju,Tormund Giantsbane,3.0,,,,,,,,,,,,,,,,,,,,,,,,,,,,,,,,,
Gwendoline Christie,Brienne of Tarth,2.0,,,,,,,,,,,,,,,,,,,,,,,,,,,,,,,,,
Iwan Rheon,Ramsay Bolton,3.0,,,,,,,,,,,,,,,,,,,,,,,,,,,,,,,,,
Hannah Murray,Gilly,2.0,,,,,,,,,,,,,,,,,,,,,,,,,,,,,,,,,
Michiel Huisman[c],Daario Naharis,3.0,,,,,,,,,,,,,,,,,,,,,,,,,,,,,,,,,
Nathalie Emmanuel,Missandei,3.0,,,,,,,,,,,,,,,,,,,,,,,,,,,,,,,,,
Indira Varma,Ellaria Sand,4.0,,,,,,,,,,,,,,,,,,,,,,,,,,,,,,,,,
Dean-Charles Chapman[d],Tommen Baratheon,1.0,,,,,,,,,,,,,,,,,,,,,,,,,,,,,,,,,
Tom Wlaschiha[e],Jaqen H'ghar,1.0,,,,,,,,,,,,,,,,,,,,,,,,,,,,,,,,,
Michael McElhatton,Roose Bolton,2.0,,,,,,,,,,,,,,,,,,,,,,,,,,,,,,,,,
Jonathan Pryce,The High Sparrow,5.0,,,,,,,,,,,,,,,,,,,,,,,,,,,,,,,,,
Jacob Anderson,Grey Worm,3.0,,,,,,,,,,,,,,,,,,,,,,,,,,,,,,,,,
,,,Skilith,10/23/2019,289.0,,,,,,,,,,,,,,,,,,,,,,,,,,,,,,
,,,Gabtype,6/12/2020,311.0,,,,,,,,,,,,,,,,,,,,,,,,,,,,,,
,,,Rooxo,3/6/2020,243.0,,,,,,,,,,,,,,,,,,,,,,,,,,,,,,
,,,Zoonoodle,12/4/2018,204.0,,,,,,,,,,,,,,,,,,,,,,,,,,,,,,
,,,Edgeclub,4/17/2019,183.0,,,,,,,,,,,,,,,,,,,,,,,,,,,,,,
,,,Katz,4/8/2020,96.0,,,,,,,,,,,,,,,,,,,,,,,,,,,,,,
,,,Photobug,4/12/2020,226.0,,,,,,,,,,,,,,,,,,,,,,,,,,,,,,
,,,Cogibox,9/29/2020,409.0,,,,,,,,,,,,,,,,,,,,,,,,,,,,,,
,,,Mycat,1/29/2020,310.0,,,,,,,,,,,,,,,,,,,,,,,,,,,,,,
,,,Layo,7/26/2019,200.0,,,,,,,,,,,,,,,,,,,,,,,,,,,,,,
,,,Feedmix,9/27/2020,211.0,,,,,,,,,,,,,,,,,,,,,,,,,,,,,,
,,,Edgepulse,6/24/2019,163.0,,,,,,,,,,,,,,,,,,,,,,,,,,,,,,
,,,Youspan,11/23/2018,175.0,,,,,,,,,,,,,,,,,,,,,,,,,,,,,,
,,,Wikivu,9/4/2020,103.0,,,,,,,,,,,,,,,,,,,,,,,,,,,,,,
,,,Tagchat,8/24/2019,399.0,,,,,,,,,,,,,,,,,,,,,,,,,,,,,,
,,,Rooxo,6/8/2020,150.0,,,,,,,,,,,,,,,,,,,,,,,,,,,,,,
,,,Realblab,11/1/2018,90.0,,,,,,,,,,,,,,,,,,,,,,,,,,,,,,
,,,Meeveo,3/25/2019,325.0,,,,,,,,,,,,,,,,,,,,,,,,,,,,,,
,,,Mudo,12/31/2019,469.0,,,,,,,,,,,,,,,,,,,,,,,,,,,,,,
,,,Viva,12/1/2019,243.0,,,,,,,,,,,,,,,,,,,,,,,,,,,,,,
,,,Skinix,7/8/2020,467.0,,,,,,,,,,,,,,,,,,,,,,,,,,,,,,
,,,Vinte,10/20/2020,364.0,,,,,,,,,,,,,,,,,,,,,,,,,,,,,,
,,,Tazzy,11/27/2019,287.0,,,,,,,,,,,,,,,,,,,,,,,,,,,,,,
,,,Einti,6/19/2019,339.0,,,,,,,,,,,,,,,,,,,,,,,,,,,,,,
,,,Gigaclub,11/14/2018,309.0,,,,,,,,,,,,,,,,,,,,,,,,,,,,,,
,,,Twimm,6/5/2019,260.0,,,,,,,,,,,,,,,,,,,,,,,,,,,,,,
,,,Meevee,1/23/2019,55.0,,,,,,,,,,,,,,,,,,,,,,,,,,,,,,
,,,DabZ,7/5/2019,58.0,,,,,,,,,,,,,,,,,,,,,,,,,,,,,,
,,,Kayveo,3/12/2020,488.0,,,,,,,,,,,,,,,,,,,,,,,,,,,,,,
,,,Fanoodle,11/6/2019,442.0,,,,,,,,,,,,,,,,,,,,,,,,,,,,,,
,,,Teklist,5/26/2019,196.0,,,,,,,,,,,,,,,,,,,,,,,,,,,,,,
,,,Leenti,6/26/2019,406.0,,,,,,,,,,,,,,,,,,,,,,,,,,,,,,
,,,Kanoodle,9/10/2019,65.0,,,,,,,,,,,,,,,,,,,,,,,,,,,,,,
,,,Eare,8/10/2020,162.0,,,,,,,,,,,,,,,,,,,,,,,,,,,,,,
,,,Digitube,11/23/2018,306.0,,,,,,,,,,,,,,,,,,,,,,,,,,,,,,
,,,Fiveclub,12/13/2018,316.0,,,,,,,,,,,,,,,,,,,,,,,,,,,,,,
,,,Voonix,3/2/2020,153.0,,,,,,,,,,,,,,,,,,,,,,,,,,,,,,
,,,Quire,8/31/2019,181.0,,,,,,,,,,,,,,,,,,,,,,,,,,,,,,
,,,Minyx,4/19/2019,316.0,,,,,,,,,,,,,,,,,,,,,,,,,,,,,,
,,,Lajo,9/2/2020,261.0,,,,,,,,,,,,,,,,,,,,,,,,,,,,,,
,,,Avamba,6/12/2019,476.0,,,,,,,,,,,,,,,,,,,,,,,,,,,,,,
,,,Oba,7/13/2019,428.0,,,,,,,,,,,,,,,,,,,,,,,,,,,,,,
,,,Latz,3/30/2019,59.0,,,,,,,,,,,,,,,,,,,,,,,,,,,,,,
,,,Browsedrive,1/13/2019,346.0,,,,,,,,,,,,,,,,,,,,,,,,,,,,,,
,,,Wikizz,1/4/2020,169.0,,,,,,,,,,,,,,,,,,,,,,,,,,,,,,
,,,Yata,11/13/2019,160.0,,,,,,,,,,,,,,,,,,,,,,,,,,,,,,
,,,Vimbo,11/10/2019,151.0,,,,,,,,,,,,,,,,,,,,,,,,,,,,,,
,,,Voolia,7/6/2020,225.0,,,,,,,,,,,,,,,,,,,,,,,,,,,,,,
,,,Oyonder,9/20/2019,360.0,,,,,,,,,,,,,,,,,,,,,,,,,,,,,,
,,,Vitz,6/27/2019,198.0,,,,,,,,,,,,,,,,,,,,,,,,,,,,,,
,,,Einti,7/4/2019,262.0,,,,,,,,,,,,,,,,,,,,,,,,,,,,,,
,,,Twitterworks,3/7/2019,249.0,,,,,,,,,,,,,,,,,,,,,,,,,,,,,,
,,,Ntags,12/8/2019,467.0,,,,,,,,,,,,,,,,,,,,,,,,,,,,,,
,,,Mydo,11/20/2019,389.0,,,,,,,,,,,,,,,,,,,,,,,,,,,,,,
,,,Jazzy,10/9/2019,274.0,,,,,,,,,,,,,,,,,,,,,,,,,,,,,,
,,,Twitterworks,8/6/2020,163.0,,,,,,,,,,,,,,,,,,,,,,,,,,,,,,
,,,Meejo,9/7/2019,312.0,,,,,,,,,,,,,,,,,,,,,,,,,,,,,,
,,,Wikido,10/24/2019,276.0,,,,,,,,,,,,,,,,,,,,,,,,,,,,,,
,,,Browseblab,2/23/2020,290.0,,,,,,,,,,,,,,,,,,,,,,,,,,,,,,
,,,Agivu,11/17/2019,107.0,,,,,,,,,,,,,,,,,,,,,,,,,,,,,,
,,,Vimbo,1/30/2020,231.0,,,,,,,,,,,,,,,,,,,,,,,,,,,,,,
,,,Topicware,5/6/2020,453.0,,,,,,,,,,,,,,,,,,,,,,,,,,,,,,
,,,Thoughtsphere,6/2/2020,130.0,,,,,,,,,,,,,,,,,,,,,,,,,,,,,,
,,,Jamia,7/8/2020,82.0,,,,,,,,,,,,,,,,,,,,,,,,,,,,,,
,,,Katz,9/16/2020,361.0,,,,,,,,,,,,,,,,,,,,,,,,,,,,,,
,,,Brightbean,11/26/2018,466.0,,,,,,,,,,,,,,,,,,,,,,,,,,,,,,
,,,Zoombeat,7/8/2020,124.0,,,,,,,,,,,,,,,,,,,,,,,,,,,,,,
,,,Oyoyo,11/3/2019,228.0,,,,,,,,,,,,,,,,,,,,,,,,,,,,,,
,,,Zoovu,8/26/2019,358.0,,,,,,,,,,,,,,,,,,,,,,,,,,,,,,
,,,Browsezoom,6/2/2020,461.0,,,,,,,,,,,,,,,,,,,,,,,,,,,,,,
,,,Demimbu,2/25/2019,119.0,,,,,,,,,,,,,,,,,,,,,,,,,,,,,,
,,,Minyx,7/8/2019,272.0,,,,,,,,,,,,,,,,,,,,,,,,,,,,,,
,,,Edgetag,1/28/2020,236.0,,,,,,,,,,,,,,,,,,,,,,,,,,,,,,
,,,Livetube,4/26/2019,345.0,,,,,,,,,,,,,,,,,,,,,,,,,,,,,,
,,,Layo,12/13/2019,319.0,,,,,,,,,,,,,,,,,,,,,,,,,,,,,,
,,,Yotz,9/28/2020,69.0,,,,,,,,,,,,,,,,,,,,,,,,,,,,,,
,,,Realmix,10/17/2019,417.0,,,,,,,,,,,,,,,,,,,,,,,,,,,,,,
,,,Flashpoint,8/9/2019,97.0,,,,,,,,,,,,,,,,,,,,,,,,,,,,,,
,,,LiveZ,10/23/2019,83.0,,,,,,,,,,,,,,,,,,,,,,,,,,,,,,
,,,Skiba,6/5/2020,453.0,,,,,,,,,,,,,,,,,,,,,,,,,,,,,,
,,,Meembee,1/8/2019,469.0,,,,,,,,,,,,,,,,,,,,,,,,,,,,,,
,,,Thoughtworks,4/23/2019,53.0,,,,,,,,,,,,,,,,,,,,,,,,,,,,,,
,,,Dabjam,2/25/2019,179.0,,,,,,,,,,,,,,,,,,,,,,,,,,,,,,
,,,Twitterbeat,2/7/2020,454.0,,,,,,,,,,,,,,,,,,,,,,,,,,,,,,
,,,Dynabox,12/13/2018,117.0,,,,,,,,,,,,,,,,,,,,,,,,,,,,,,
,,,Linklinks,10/16/2020,234.0,,,,,,,,,,,,,,,,,,,,,,,,,,,,,,
,,,Blogtag,11/16/2019,395.0,,,,,,,,,,,,,,,,,,,,,,,,,,,,,,
,,,Gigazoom,7/21/2019,177.0,,,,,,,,,,,,,,,,,,,,,,,,,,,,,,
,,,Shuffletag,5/26/2019,458.0,,,,,,,,,,,,,,,,,,,,,,,,,,,,,,
,,,Agimba,11/11/2018,78.0,,,,,,,,,,,,,,,,,,,,,,,,,,,,,,
,,,Meevee,12/9/2018,364.0,,,,,,,,,,,,,,,,,,,,,,,,,,,,,,
,,,Digitube,11/21/2019,62.0,,,,,,,,,,,,,,,,,,,,,,,,,,,,,,
,,,Vinder,4/19/2019,325.0,,,,,,,,,,,,,,,,,,,,,,,,,,,,,,
,,,Quinu,12/23/2019,251.0,,,,,,,,,,,,,,,,,,,,,,,,,,,,,,
,,,Zoomzone,9/10/2020,117.0,,,,,,,,,,,,,,,,,,,,,,,,,,,,,,
,,,Buzzshare,2/2/2020,66.0,,,,,,,,,,,,,,,,,,,,,,,,,,,,,,
,,,Zoombeat,7/8/2019,472.0,,,,,,,,,,,,,,,,,,,,,,,,,,,,,,
,,,Zooxo,3/5/2019,194.0,,,,,,,,,,,,,,,,,,,,,,,,,,,,,,
,,,Cogidoo,3/23/2020,336.0,,,,,,,,,,,,,,,,,,,,,,,,,,,,,,
,,,Ailane,9/5/2019,77.0,,,,,,,,,,,,,,,,,,,,,,,,,,,,,,
,,,,,,2018-10-02,20.0,20.1,17.6,18.5,2799073.0,0.0,,,,,,,,,,,,,,,,,,,,,,,
,,,,,,2018-10-03,18.2,18.75,18.05,18.65,155562.0,0.0,,,,,,,,,,,,,,,,,,,,,,,
,,,,,,2018-10-06,18.48,19.58,18.48,19.24,188229.0,0.0,,,,,,,,,,,,,,,,,,,,,,,
,,,,,,2018-10-07,19.25,19.48,18.93,19.24,176606.0,0.0,,,,,,,,,,,,,,,,,,,,,,,
,,,,,,2018-10-08,19.17,19.48,18.9,19.13,37046.0,0.0,,,,,,,,,,,,,,,,,,,,,,,
,,,,,,2018-10-09,19.16,19.55,19.0,19.25,114523.0,0.0,,,,,,,,,,,,,,,,,,,,,,,
,,,,,,2018-10-10,19.25,19.36,18.77,19.0,34775.0,0.0,,,,,,,,,,,,,,,,,,,,,,,
,,,,,,2018-10-13,18.92,19.1,18.64,19.0,52514.0,0.0,,,,,,,,,,,,,,,,,,,,,,,
,,,,,,2018-10-14,19.03,19.03,17.91,18.1,126457.0,0.0,,,,,,,,,,,,,,,,,,,,,,,
,,,,,,2018-10-15,18.07,19.5,18.0,19.43,46156.0,0.0,,,,,,,,,,,,,,,,,,,,,,,
Gwendoline Christie,Brienne Of Tarth,2.0,,,,,,,,,,,,,,,,,,,,,,,,,,,,,,,,,
Tom Wlaschiha[e],Jaqen H'Ghar,1.0,,,,,,,,,,,,,,,,,,,,,,,,,,,,,,,,,
,,,,,,,,,,,,,1.0,alfa-romero,gas,std,two,convertible,rwd,front,88.6,168.8,64.1,48.8,2548.0,dohc,four,130.0,mpfi,9.0,111,5000,21.0,27.0,13495
,,,,,,,,,,,,,2.0,alfa-romero,gas,std,two,convertible,rwd,front,88.6,168.8,64.1,48.8,2548.0,dohc,four,130.0,mpfi,9.0,111,5000,21.0,27.0,16500
,,,,,,,,,,,,,3.0,alfa-romero,gas,std,two,hatchback,rwd,front,94.5,171.2,65.5,52.4,2823.0,ohcv,six,152.0,mpfi,9.0,154,5000,19.0,26.0,16500
,,,,,,,,,,,,,4.0,audi,gas,std,four,sedan,fwd,front,99.8,176.6,66.2,54.3,2337.0,ohc,four,109.0,mpfi,10.0,102,5500,24.0,30.0,13950
,,,,,,,,,,,,,5.0,audi,gas,std,four,sedan,4wd,front,99.4,176.6,66.4,54.3,2824.0,ohc,five,136.0,mpfi,8.0,115,5500,18.0,22.0,17450
,,,,,,,,,,,,,6.0,audi,gas,std,two,sedan,fwd,front,99.8,177.3,66.3,53.1,2507.0,ohc,five,136.0,mpfi,8.5,110,5500,19.0,25.0,15250
,,,,,,,,,,,,,7.0,audi,gas,std,four,sedan,fwd,front,105.8,192.7,71.4,55.7,2844.0,ohc,five,136.0,mpfi,8.5,110,5500,19.0,25.0,17710
,,,,,,,,,,,,,8.0,audi,gas,std,four,wagon,fwd,front,105.8,192.7,71.4,55.7,2954.0,ohc,five,136.0,mpfi,8.5,110,5500,19.0,25.0,18920
,,,,,,,,,,,,,9.0,audi,gas,turbo,four,sedan,fwd,front,105.8,192.7,71.4,55.9,3086.0,ohc,five,131.0,mpfi,8.3,140,5500,17.0,20.0,23875
,,,,,,,,,,,,,10.0,audi,gas,turbo,two,hatchback,4wd,front,99.5,178.2,67.9,52.0,3053.0,ohc,five,131.0,mpfi,7.0,160,5500,16.0,22.0,?
,,,,,,,,,,,,,11.0,bmw,gas,std,two,sedan,rwd,front,101.2,176.8,64.8,54.3,2395.0,ohc,four,108.0,mpfi,8.8,101,5800,23.0,29.0,16430
,,,,,,,,,,,,,12.0,bmw,gas,std,four,sedan,rwd,front,101.2,176.8,64.8,54.3,2395.0,ohc,four,108.0,mpfi,8.8,101,5800,23.0,29.0,16925
,,,,,,,,,,,,,13.0,bmw,gas,std,two,sedan,rwd,front,101.2,176.8,64.8,54.3,2710.0,ohc,six,164.0,mpfi,9.0,121,4250,21.0,28.0,20970
,,,,,,,,,,,,,14.0,bmw,gas,std,four,sedan,rwd,front,101.2,176.8,64.8,54.3,2765.0,ohc,six,164.0,mpfi,9.0,121,4250,21.0,28.0,21105
,,,,,,,,,,,,,15.0,bmw,gas,std,four,sedan,rwd,front,103.5,189.0,66.9,55.7,3055.0,ohc,six,164.0,mpfi,9.0,121,4250,20.0,25.0,24565
,,,,,,,,,,,,,16.0,bmw,gas,std,four,sedan,rwd,front,103.5,189.0,66.9,55.7,3230.0,ohc,six,209.0,mpfi,8.0,182,5400,16.0,22.0,30760
,,,,,,,,,,,,,17.0,bmw,gas,std,two,sedan,rwd,front,103.5,193.8,67.9,53.7,3380.0,ohc,six,209.0,mpfi,8.0,182,5400,16.0,22.0,41315
,,,,,,,,,,,,,18.0,bmw,gas,std,four,sedan,rwd,front,110.0,197.0,70.9,56.3,3505.0,ohc,six,209.0,mpfi,8.0,182,5400,15.0,20.0,36880
,,,,,,,,,,,,,19.0,chevrolet,gas,std,two,hatchback,fwd,front,88.4,141.1,60.3,53.2,1488.0,l,three,61.0,2bbl,9.5,48,5100,47.0,53.0,5151
,,,,,,,,,,,,,20.0,chevrolet,gas,std,two,hatchback,fwd,front,94.5,155.9,63.6,52.0,1874.0,ohc,four,90.0,2bbl,9.6,70,5400,38.0,43.0,6295
,,,,,,,,,,,,,21.0,chevrolet,gas,std,four,sedan,fwd,front,94.5,158.8,63.6,52.0,1909.0,ohc,four,90.0,2bbl,9.6,70,5400,38.0,43.0,6575
,,,,,,,,,,,,,22.0,dodge,gas,std,two,hatchback,fwd,front,93.7,157.3,63.8,50.8,1876.0,ohc,four,90.0,2bbl,9.41,68,5500,37.0,41.0,5572
,,,,,,,,,,,,,23.0,dodge,gas,std,two,hatchback,fwd,front,93.7,157.3,63.8,50.8,1876.0,ohc,four,90.0,2bbl,9.4,68,5500,31.0,38.0,6377
,,,,,,,,,,,,,24.0,dodge,gas,turbo,two,hatchback,fwd,front,93.7,157.3,63.8,50.8,2128.0,ohc,four,98.0,mpfi,7.6,102,5500,24.0,30.0,7957
,,,,,,,,,,,,,25.0,dodge,gas,std,four,hatchback,fwd,front,93.7,157.3,63.8,50.6,1967.0,ohc,four,90.0,2bbl,9.4,68,5500,31.0,38.0,6229
,,,,,,,,,,,,,26.0,dodge,gas,std,four,sedan,fwd,front,93.7,157.3,63.8,50.6,1989.0,ohc,four,90.0,2bbl,9.4,68,5500,31.0,38.0,6692
,,,,,,,,,,,,,27.0,dodge,gas,std,four,sedan,fwd,front,93.7,157.3,63.8,50.6,1989.0,ohc,four,90.0,2bbl,9.4,68,5500,31.0,38.0,7609
,,,,,,,,,,,,,28.0,dodge,gas,turbo,?,sedan,fwd,front,93.7,157.3,63.8,50.6,2191.0,ohc,four,98.0,mpfi,7.6,102,5500,24.0,30.0,8558
,,,,,,,,,,,,,29.0,dodge,gas,std,four,wagon,fwd,front,103.3,174.6,64.6,59.8,2535.0,ohc,four,122.0,2bbl,8.5,88,5000,24.0,30.0,8921
,,,,,,,,,,,,,30.0,dodge,gas,turbo,two,hatchback,fwd,front,95.9,173.2,66.3,50.2,2811.0,ohc,four,156.0,mfi,7.0,145,5000,19.0,24.0,12964
,,,,,,,,,,,,,31.0,honda,gas,std,two,hatchback,fwd,front,86.6,144.6,63.9,50.8,1713.0,ohc,four,92.0,1bbl,9.6,58,4800,49.0,54.0,6479
,,,,,,,,,,,,,32.0,honda,gas,std,two,hatchback,fwd,front,86.6,144.6,63.9,50.8,1819.0,ohc,four,92.0,1bbl,9.2,76,6000,31.0,38.0,6855
,,,,,,,,,,,,,33.0,honda,gas,std,two,hatchback,fwd,front,93.7,150.0,64.0,52.6,1837.0,ohc,four,79.0,1bbl,10.1,60,5500,38.0,42.0,5399
,,,,,,,,,,,,,34.0,honda,gas,std,two,hatchback,fwd,front,93.7,150.0,64.0,52.6,1940.0,ohc,four,92.0,1bbl,9.2,76,6000,30.0,34.0,6529
,,,,,,,,,,,,,35.0,honda,gas,std,two,hatchback,fwd,front,93.7,150.0,64.0,52.6,1956.0,ohc,four,92.0,1bbl,9.2,76,6000,30.0,34.0,7129
,,,,,,,,,,,,,36.0,honda,gas,std,four,sedan,fwd,front,96.5,163.4,64.0,54.5,2010.0,ohc,four,92.0,1bbl,9.2,76,6000,30.0,34.0,7295
,,,,,,,,,,,,,37.0,honda,gas,std,four,wagon,fwd,front,96.5,157.1,63.9,58.3,2024.0,ohc,four,92.0,1bbl,9.2,76,6000,30.0,34.0,7295
,,,,,,,,,,,,,38.0,honda,gas,std,two,hatchback,fwd,front,96.5,167.5,65.2,53.3,2236.0,ohc,four,110.0,1bbl,9.0,86,5800,27.0,33.0,7895
,,,,,,,,,,,,,39.0,honda,gas,std,two,hatchback,fwd,front,96.5,167.5,65.2,53.3,2289.0,ohc,four,110.0,1bbl,9.0,86,5800,27.0,33.0,9095
,,,,,,,,,,,,,40.0,honda,gas,std,four,sedan,fwd,front,96.5,175.4,65.2,54.1,2304.0,ohc,four,110.0,1bbl,9.0,86,5800,27.0,33.0,8845
,,,,,,,,,,,,,41.0,honda,gas,std,four,sedan,fwd,front,96.5,175.4,62.5,54.1,2372.0,ohc,four,110.0,1bbl,9.0,86,5800,27.0,33.0,10295
,,,,,,,,,,,,,42.0,honda,gas,std,four,sedan,fwd,front,96.5,175.4,65.2,54.1,2465.0,ohc,four,110.0,mpfi,9.0,101,5800,24.0,28.0,12945
,,,,,,,,,,,,,43.0,honda,gas,std,two,sedan,fwd,front,96.5,169.1,66.0,51.0,2293.0,ohc,four,110.0,2bbl,9.1,100,5500,25.0,31.0,10345
,,,,,,,,,,,,,44.0,isuzu,gas,std,four,sedan,rwd,front,94.3,170.7,61.8,53.5,2337.0,ohc,four,111.0,2bbl,8.5,78,4800,24.0,29.0,6785
,,,,,,,,,,,,,45.0,isuzu,gas,std,two,sedan,fwd,front,94.5,155.9,63.6,52.0,1874.0,ohc,four,90.0,2bbl,9.6,70,5400,38.0,43.0,?
,,,,,,,,,,,,,46.0,isuzu,gas,std,four,sedan,fwd,front,94.5,155.9,63.6,52.0,1909.0,ohc,four,90.0,2bbl,9.6,70,5400,38.0,43.0,?
,,,,,,,,,,,,,47.0,isuzu,gas,std,two,hatchback,rwd,front,96.0,172.6,65.2,51.4,2734.0,ohc,four,119.0,spfi,9.2,90,5000,24.0,29.0,11048
,,,,,,,,,,,,,48.0,jaguar,gas,std,four,sedan,rwd,front,113.0,199.6,69.6,52.8,4066.0,dohc,six,258.0,mpfi,8.1,176,4750,15.0,19.0,32250
,,,,,,,,,,,,,49.0,jaguar,gas,std,four,sedan,rwd,front,113.0,199.6,69.6,52.8,4066.0,dohc,six,258.0,mpfi,8.1,176,4750,15.0,19.0,35550
,,,,,,,,,,,,,50.0,jaguar,gas,std,two,sedan,rwd,front,102.0,191.7,70.6,47.8,3950.0,ohcv,twelve,326.0,mpfi,11.5,262,5000,13.0,17.0,36000
,,,,,,,,,,,,,51.0,mazda,gas,std,two,hatchback,fwd,front,93.1,159.1,64.2,54.1,1890.0,ohc,four,91.0,2bbl,9.0,68,5000,30.0,31.0,5195
,,,,,,,,,,,,,52.0,mazda,gas,std,two,hatchback,fwd,front,93.1,159.1,64.2,54.1,1900.0,ohc,four,91.0,2bbl,9.0,68,5000,31.0,38.0,6095
,,,,,,,,,,,,,53.0,mazda,gas,std,two,hatchback,fwd,front,93.1,159.1,64.2,54.1,1905.0,ohc,four,91.0,2bbl,9.0,68,5000,31.0,38.0,6795
,,,,,,,,,,,,,54.0,mazda,gas,std,four,sedan,fwd,front,93.1,166.8,64.2,54.1,1945.0,ohc,four,91.0,2bbl,9.0,68,5000,31.0,38.0,6695
,,,,,,,,,,,,,55.0,mazda,gas,std,four,sedan,fwd,front,93.1,166.8,64.2,54.1,1950.0,ohc,four,91.0,2bbl,9.0,68,5000,31.0,38.0,7395
,,,,,,,,,,,,,56.0,mazda,gas,std,two,hatchback,rwd,front,95.3,169.0,65.7,49.6,2380.0,rotor,two,70.0,4bbl,9.4,101,6000,17.0,23.0,10945
,,,,,,,,,,,,,57.0,mazda,gas,std,two,hatchback,rwd,front,95.3,169.0,65.7,49.6,2380.0,rotor,two,70.0,4bbl,9.4,101,6000,17.0,23.0,11845
,,,,,,,,,,,,,58.0,mazda,gas,std,two,hatchback,rwd,front,95.3,169.0,65.7,49.6,2385.0,rotor,two,70.0,4bbl,9.4,101,6000,17.0,23.0,13645
,,,,,,,,,,,,,59.0,mazda,gas,std,two,hatchback,rwd,front,95.3,169.0,65.7,49.6,2500.0,rotor,two,80.0,mpfi,9.4,135,6000,16.0,23.0,15645
,,,,,,,,,,,,,60.0,mazda,gas,std,two,hatchback,fwd,front,98.8,177.8,66.5,53.7,2385.0,ohc,four,122.0,2bbl,8.6,84,4800,26.0,32.0,8845
,,,,,,,,,,,,,61.0,mazda,gas,std,four,sedan,fwd,front,98.8,177.8,66.5,55.5,2410.0,ohc,four,122.0,2bbl,8.6,84,4800,26.0,32.0,8495
,,,,,,,,,,,,,62.0,mazda,gas,std,two,hatchback,fwd,front,98.8,177.8,66.5,53.7,2385.0,ohc,four,122.0,2bbl,8.6,84,4800,26.0,32.0,10595
,,,,,,,,,,,,,63.0,mazda,gas,std,four,sedan,fwd,front,98.8,177.8,66.5,55.5,2410.0,ohc,four,122.0,2bbl,8.6,84,4800,26.0,32.0,10245
,,,,,,,,,,,,,64.0,mazda,diesel,std,?,sedan,fwd,front,98.8,177.8,66.5,55.5,2443.0,ohc,four,122.0,idi,22.7,64,4650,36.0,42.0,10795
,,,,,,,,,,,,,65.0,mazda,gas,std,four,hatchback,fwd,front,98.8,177.8,66.5,55.5,2425.0,ohc,four,122.0,2bbl,8.6,84,4800,26.0,32.0,11245
,,,,,,,,,,,,,66.0,mazda,gas,std,four,sedan,rwd,front,104.9,175.0,66.1,54.4,2670.0,ohc,four,140.0,mpfi,8.0,120,5000,19.0,27.0,18280
,,,,,,,,,,,,,67.0,mazda,diesel,std,four,sedan,rwd,front,104.9,175.0,66.1,54.4,2700.0,ohc,four,134.0,idi,22.0,72,4200,31.0,39.0,18344
,,,,,,,,,,,,,68.0,mercedes-benz,diesel,turbo,four,sedan,rwd,front,110.0,190.9,70.3,56.5,3515.0,ohc,five,183.0,idi,21.5,123,4350,22.0,25.0,25552
,,,,,,,,,,,,,69.0,mercedes-benz,diesel,turbo,four,wagon,rwd,front,110.0,190.9,70.3,58.7,3750.0,ohc,five,183.0,idi,21.5,123,4350,22.0,25.0,28248
,,,,,,,,,,,,,70.0,mercedes-benz,diesel,turbo,two,hardtop,rwd,front,106.7,187.5,70.3,54.9,3495.0,ohc,five,183.0,idi,21.5,123,4350,22.0,25.0,28176
,,,,,,,,,,,,,71.0,mercedes-benz,diesel,turbo,four,sedan,rwd,front,115.6,202.6,71.7,56.3,3770.0,ohc,five,183.0,idi,21.5,123,4350,22.0,25.0,31600
,,,,,,,,,,,,,72.0,mercedes-benz,gas,std,four,sedan,rwd,front,115.6,202.6,71.7,56.5,3740.0,ohcv,eight,234.0,mpfi,8.3,155,4750,16.0,18.0,34184
,,,,,,,,,,,,,73.0,mercedes-benz,gas,std,two,convertible,rwd,front,96.6,180.3,70.5,50.8,3685.0,ohcv,eight,234.0,mpfi,8.3,155,4750,16.0,18.0,35056
,,,,,,,,,,,,,74.0,mercedes-benz,gas,std,four,sedan,rwd,front,120.9,208.1,71.7,56.7,3900.0,ohcv,eight,308.0,mpfi,8.0,184,4500,14.0,16.0,40960
,,,,,,,,,,,,,75.0,mercedes-benz,gas,std,two,hardtop,rwd,front,112.0,199.2,72.0,55.4,3715.0,ohcv,eight,304.0,mpfi,8.0,184,4500,14.0,16.0,45400
,,,,,,,,,,,,,76.0,mercury,gas,turbo,two,hatchback,rwd,front,102.7,178.4,68.0,54.8,2910.0,ohc,four,140.0,mpfi,8.0,175,5000,19.0,24.0,16503
,,,,,,,,,,,,,77.0,mitsubishi,gas,std,two,hatchback,fwd,front,93.7,157.3,64.4,50.8,1918.0,ohc,four,92.0,2bbl,9.4,68,5500,37.0,41.0,5389
,,,,,,,,,,,,,78.0,mitsubishi,gas,std,two,hatchback,fwd,front,93.7,157.3,64.4,50.8,1944.0,ohc,four,92.0,2bbl,9.4,68,5500,31.0,38.0,6189
,,,,,,,,,,,,,79.0,mitsubishi,gas,std,two,hatchback,fwd,front,93.7,157.3,64.4,50.8,2004.0,ohc,four,92.0,2bbl,9.4,68,5500,31.0,38.0,6669
,,,,,,,,,,,,,80.0,mitsubishi,gas,turbo,two,hatchback,fwd,front,93.0,157.3,63.8,50.8,2145.0,ohc,four,98.0,spdi,7.6,102,5500,24.0,30.0,7689
,,,,,,,,,,,,,81.0,mitsubishi,gas,turbo,two,hatchback,fwd,front,96.3,173.0,65.4,49.4,2370.0,ohc,four,110.0,spdi,7.5,116,5500,23.0,30.0,9959
,,,,,,,,,,,,,82.0,mitsubishi,gas,std,two,hatchback,fwd,front,96.3,173.0,65.4,49.4,2328.0,ohc,four,122.0,2bbl,8.5,88,5000,25.0,32.0,8499
,,,,,,,,,,,,,83.0,mitsubishi,gas,turbo,two,hatchback,fwd,front,95.9,173.2,66.3,50.2,2833.0,ohc,four,156.0,spdi,7.0,145,5000,19.0,24.0,12629
,,,,,,,,,,,,,84.0,mitsubishi,gas,turbo,two,hatchback,fwd,front,95.9,173.2,66.3,50.2,2921.0,ohc,four,156.0,spdi,7.0,145,5000,19.0,24.0,14869
,,,,,,,,,,,,,85.0,mitsubishi,gas,turbo,two,hatchback,fwd,front,95.9,173.2,66.3,50.2,2926.0,ohc,four,156.0,spdi,7.0,145,5000,19.0,24.0,14489
,,,,,,,,,,,,,86.0,mitsubishi,gas,std,four,sedan,fwd,front,96.3,172.4,65.4,51.6,2365.0,ohc,four,122.0,2bbl,8.5,88,5000,25.0,32.0,6989
,,,,,,,,,,,,,87.0,mitsubishi,gas,std,four,sedan,fwd,front,96.3,172.4,65.4,51.6,2405.0,ohc,four,122.0,2bbl,8.5,88,5000,25.0,32.0,8189
,,,,,,,,,,,,,88.0,mitsubishi,gas,turbo,four,sedan,fwd,front,96.3,172.4,65.4,51.6,2403.0,ohc,four,110.0,spdi,7.5,116,5500,23.0,30.0,9279
,,,,,,,,,,,,,89.0,mitsubishi,gas,std,four,sedan,fwd,front,96.3,172.4,65.4,51.6,2403.0,ohc,four,110.0,spdi,7.5,116,5500,23.0,30.0,9279
,,,,,,,,,,,,,90.0,nissan,gas,std,two,sedan,fwd,front,94.5,165.3,63.8,54.5,1889.0,ohc,four,97.0,2bbl,9.4,69,5200,31.0,37.0,5499
,,,,,,,,,,,,,91.0,nissan,diesel,std,two,sedan,fwd,front,94.5,165.3,63.8,54.5,2017.0,ohc,four,103.0,idi,21.9,55,4800,45.0,50.0,7099
,,,,,,,,,,,,,92.0,nissan,gas,std,two,sedan,fwd,front,94.5,165.3,63.8,54.5,1918.0,ohc,four,97.0,2bbl,9.4,69,5200,31.0,37.0,6649
,,,,,,,,,,,,,93.0,nissan,gas,std,four,sedan,fwd,front,94.5,165.3,63.8,54.5,1938.0,ohc,four,97.0,2bbl,9.4,69,5200,31.0,37.0,6849
,,,,,,,,,,,,,94.0,nissan,gas,std,four,wagon,fwd,front,94.5,170.2,63.8,53.5,2024.0,ohc,four,97.0,2bbl,9.4,69,5200,31.0,37.0,7349
,,,,,,,,,,,,,95.0,nissan,gas,std,two,sedan,fwd,front,94.5,165.3,63.8,54.5,1951.0,ohc,four,97.0,2bbl,9.4,69,5200,31.0,37.0,7299
,,,,,,,,,,,,,96.0,nissan,gas,std,two,hatchback,fwd,front,94.5,165.6,63.8,53.3,2028.0,ohc,four,97.0,2bbl,9.4,69,5200,31.0,37.0,7799
,,,,,,,,,,,,,97.0,nissan,gas,std,four,sedan,fwd,front,94.5,165.3,63.8,54.5,1971.0,ohc,four,97.0,2bbl,9.4,69,5200,31.0,37.0,7499
,,,,,,,,,,,,,98.0,nissan,gas,std,four,wagon,fwd,front,94.5,170.2,63.8,53.5,2037.0,ohc,four,97.0,2bbl,9.4,69,5200,31.0,37.0,7999
,,,,,,,,,,,,,99.0,nissan,gas,std,two,hardtop,fwd,front,95.1,162.4,63.8,53.3,2008.0,ohc,four,97.0,2bbl,9.4,69,5200,31.0,37.0,8249
,,,,,,,,,,,,,100.0,nissan,gas,std,four,hatchback,fwd,front,97.2,173.4,65.2,54.7,2324.0,ohc,four,120.0,2bbl,8.5,97,5200,27.0,34.0,8949
,,,,,,,,,,,,,101.0,nissan,gas,std,four,sedan,fwd,front,97.2,173.4,65.2,54.7,2302.0,ohc,four,120.0,2bbl,8.5,97,5200,27.0,34.0,9549
,,,,,,,,,,,,,102.0,nissan,gas,std,four,sedan,fwd,front,100.4,181.7,66.5,55.1,3095.0,ohcv,six,181.0,mpfi,9.0,152,5200,17.0,22.0,13499
,,,,,,,,,,,,,103.0,nissan,gas,std,four,wagon,fwd,front,100.4,184.6,66.5,56.1,3296.0,ohcv,six,181.0,mpfi,9.0,152,5200,17.0,22.0,14399
,,,,,,,,,,,,,104.0,nissan,gas,std,four,sedan,fwd,front,100.4,184.6,66.5,55.1,3060.0,ohcv,six,181.0,mpfi,9.0,152,5200,19.0,25.0,13499
,,,,,,,,,,,,,105.0,nissan,gas,std,two,hatchback,rwd,front,91.3,170.7,67.9,49.7,3071.0,ohcv,six,181.0,mpfi,9.0,160,5200,19.0,25.0,17199
,,,,,,,,,,,,,106.0,nissan,gas,turbo,two,hatchback,rwd,front,91.3,170.7,67.9,49.7,3139.0,ohcv,six,181.0,mpfi,7.8,200,5200,17.0,23.0,19699
,,,,,,,,,,,,,107.0,nissan,gas,std,two,hatchback,rwd,front,99.2,178.5,67.9,49.7,3139.0,ohcv,six,181.0,mpfi,9.0,160,5200,19.0,25.0,18399
,,,,,,,,,,,,,108.0,peugot,gas,std,four,sedan,rwd,front,107.9,186.7,68.4,56.7,3020.0,l,four,120.0,mpfi,8.4,97,5000,19.0,24.0,11900
,,,,,,,,,,,,,109.0,peugot,diesel,turbo,four,sedan,rwd,front,107.9,186.7,68.4,56.7,3197.0,l,four,152.0,idi,21.0,95,4150,28.0,33.0,13200
,,,,,,,,,,,,,110.0,peugot,gas,std,four,wagon,rwd,front,114.2,198.9,68.4,58.7,3230.0,l,four,120.0,mpfi,8.4,97,5000,19.0,24.0,12440
,,,,,,,,,,,,,111.0,peugot,diesel,turbo,four,wagon,rwd,front,114.2,198.9,68.4,58.7,3430.0,l,four,152.0,idi,21.0,95,4150,25.0,25.0,13860
,,,,,,,,,,,,,112.0,peugot,gas,std,four,sedan,rwd,front,107.9,186.7,68.4,56.7,3075.0,l,four,120.0,mpfi,8.4,95,5000,19.0,24.0,15580
,,,,,,,,,,,,,113.0,peugot,diesel,turbo,four,sedan,rwd,front,107.9,186.7,68.4,56.7,3252.0,l,four,152.0,idi,21.0,95,4150,28.0,33.0,16900
,,,,,,,,,,,,,114.0,peugot,gas,std,four,wagon,rwd,front,114.2,198.9,68.4,56.7,3285.0,l,four,120.0,mpfi,8.4,95,5000,19.0,24.0,16695
,,,,,,,,,,,,,115.0,peugot,diesel,turbo,four,wagon,rwd,front,114.2,198.9,68.4,58.7,3485.0,l,four,152.0,idi,21.0,95,4150,25.0,25.0,17075
,,,,,,,,,,,,,116.0,peugot,gas,std,four,sedan,rwd,front,107.9,186.7,68.4,56.7,3075.0,l,four,120.0,mpfi,8.4,97,5000,19.0,24.0,16630
,,,,,,,,,,,,,117.0,peugot,diesel,turbo,four,sedan,rwd,front,107.9,186.7,68.4,56.7,3252.0,l,four,152.0,idi,21.0,95,4150,28.0,33.0,17950
,,,,,,,,,,,,,118.0,peugot,gas,turbo,four,sedan,rwd,front,108.0,186.7,68.3,56.0,3130.0,l,four,134.0,mpfi,7.0,142,5600,18.0,24.0,18150
,,,,,,,,,,,,,119.0,plymouth,gas,std,two,hatchback,fwd,front,93.7,157.3,63.8,50.8,1918.0,ohc,four,90.0,2bbl,9.4,68,5500,37.0,41.0,5572
,,,,,,,,,,,,,120.0,plymouth,gas,turbo,two,hatchback,fwd,front,93.7,157.3,63.8,50.8,2128.0,ohc,four,98.0,spdi,7.6,102,5500,24.0,30.0,7957
,,,,,,,,,,,,,121.0,plymouth,gas,std,four,hatchback,fwd,front,93.7,157.3,63.8,50.6,1967.0,ohc,four,90.0,2bbl,9.4,68,5500,31.0,38.0,6229
,,,,,,,,,,,,,122.0,plymouth,gas,std,four,sedan,fwd,front,93.7,167.3,63.8,50.8,1989.0,ohc,four,90.0,2bbl,9.4,68,5500,31.0,38.0,6692
,,,,,,,,,,,,,123.0,plymouth,gas,std,four,sedan,fwd,front,93.7,167.3,63.8,50.8,2191.0,ohc,four,98.0,2bbl,9.4,68,5500,31.0,38.0,7609
,,,,,,,,,,,,,124.0,plymouth,gas,std,four,wagon,fwd,front,103.3,174.6,64.6,59.8,2535.0,ohc,four,122.0,2bbl,8.5,88,5000,24.0,30.0,8921
,,,,,,,,,,,,,125.0,plymouth,gas,turbo,two,hatchback,rwd,front,95.9,173.2,66.3,50.2,2818.0,ohc,four,156.0,spdi,7.0,145,5000,19.0,24.0,12764
,,,,,,,,,,,,,126.0,porsche,gas,std,two,hatchback,rwd,front,94.5,168.9,68.3,50.2,2778.0,ohc,four,151.0,mpfi,9.5,143,5500,19.0,27.0,22018
,,,,,,,,,,,,,127.0,porsche,gas,std,two,hardtop,rwd,rear,89.5,168.9,65.0,51.6,2756.0,ohcf,six,194.0,mpfi,9.5,207,5900,17.0,25.0,32528
,,,,,,,,,,,,,128.0,porsche,gas,std,two,hardtop,rwd,rear,89.5,168.9,65.0,51.6,2756.0,ohcf,six,194.0,mpfi,9.5,207,5900,17.0,25.0,34028
,,,,,,,,,,,,,129.0,porsche,gas,std,two,convertible,rwd,rear,89.5,168.9,65.0,51.6,2800.0,ohcf,six,194.0,mpfi,9.5,207,5900,17.0,25.0,37028
,,,,,,,,,,,,,130.0,porsche,gas,std,two,hatchback,rwd,front,98.4,175.7,72.3,50.5,3366.0,dohcv,eight,203.0,mpfi,10.0,288,5750,17.0,28.0,?
,,,,,,,,,,,,,131.0,renault,gas,std,four,wagon,fwd,front,96.1,181.5,66.5,55.2,2579.0,ohc,four,132.0,mpfi,8.7,?,?,23.0,31.0,9295
,,,,,,,,,,,,,132.0,renault,gas,std,two,hatchback,fwd,front,96.1,176.8,66.6,50.5,2460.0,ohc,four,132.0,mpfi,8.7,?,?,23.0,31.0,9895
,,,,,,,,,,,,,133.0,saab,gas,std,two,hatchback,fwd,front,99.1,186.6,66.5,56.1,2658.0,ohc,four,121.0,mpfi,9.31,110,5250,21.0,28.0,11850
,,,,,,,,,,,,,134.0,saab,gas,std,four,sedan,fwd,front,99.1,186.6,66.5,56.1,2695.0,ohc,four,121.0,mpfi,9.3,110,5250,21.0,28.0,12170
,,,,,,,,,,,,,135.0,saab,gas,std,two,hatchback,fwd,front,99.1,186.6,66.5,56.1,2707.0,ohc,four,121.0,mpfi,9.3,110,5250,21.0,28.0,15040
,,,,,,,,,,,,,136.0,saab,gas,std,four,sedan,fwd,front,99.1,186.6,66.5,56.1,2758.0,ohc,four,121.0,mpfi,9.3,110,5250,21.0,28.0,15510
,,,,,,,,,,,,,137.0,saab,gas,turbo,two,hatchback,fwd,front,99.1,186.6,66.5,56.1,2808.0,dohc,four,121.0,mpfi,9.0,160,5500,19.0,26.0,18150
,,,,,,,,,,,,,138.0,saab,gas,turbo,four,sedan,fwd,front,99.1,186.6,66.5,56.1,2847.0,dohc,four,121.0,mpfi,9.0,160,5500,19.0,26.0,18620
,,,,,,,,,,,,,139.0,subaru,gas,std,two,hatchback,fwd,front,93.7,156.9,63.4,53.7,2050.0,ohcf,four,97.0,2bbl,9.0,69,4900,31.0,36.0,5118
,,,,,,,,,,,,,140.0,subaru,gas,std,two,hatchback,fwd,front,93.7,157.9,63.6,53.7,2120.0,ohcf,four,108.0,2bbl,8.7,73,4400,26.0,31.0,7053
,,,,,,,,,,,,,141.0,subaru,gas,std,two,hatchback,4wd,front,93.3,157.3,63.8,55.7,2240.0,ohcf,four,108.0,2bbl,8.7,73,4400,26.0,31.0,7603
,,,,,,,,,,,,,142.0,subaru,gas,std,four,sedan,fwd,front,97.2,172.0,65.4,52.5,2145.0,ohcf,four,108.0,2bbl,9.5,82,4800,32.0,37.0,7126
,,,,,,,,,,,,,143.0,subaru,gas,std,four,sedan,fwd,front,97.2,172.0,65.4,52.5,2190.0,ohcf,four,108.0,2bbl,9.5,82,4400,28.0,33.0,7775
,,,,,,,,,,,,,144.0,subaru,gas,std,four,sedan,fwd,front,97.2,172.0,65.4,52.5,2340.0,ohcf,four,108.0,mpfi,9.0,94,5200,26.0,32.0,9960
,,,,,,,,,,,,,145.0,subaru,gas,std,four,sedan,4wd,front,97.0,172.0,65.4,54.3,2385.0,ohcf,four,108.0,2bbl,9.0,82,4800,24.0,25.0,9233
,,,,,,,,,,,,,146.0,subaru,gas,turbo,four,sedan,4wd,front,97.0,172.0,65.4,54.3,2510.0,ohcf,four,108.0,mpfi,7.7,111,4800,24.0,29.0,11259
,,,,,,,,,,,,,147.0,subaru,gas,std,four,wagon,fwd,front,97.0,173.5,65.4,53.0,2290.0,ohcf,four,108.0,2bbl,9.0,82,4800,28.0,32.0,7463
,,,,,,,,,,,,,148.0,subaru,gas,std,four,wagon,fwd,front,97.0,173.5,65.4,53.0,2455.0,ohcf,four,108.0,mpfi,9.0,94,5200,25.0,31.0,10198
,,,,,,,,,,,,,149.0,subaru,gas,std,four,wagon,4wd,front,96.9,173.6,65.4,54.9,2420.0,ohcf,four,108.0,2bbl,9.0,82,4800,23.0,29.0,8013
,,,,,,,,,,,,,150.0,subaru,gas,turbo,four,wagon,4wd,front,96.9,173.6,65.4,54.9,2650.0,ohcf,four,108.0,mpfi,7.7,111,4800,23.0,23.0,11694
,,,,,,,,,,,,,151.0,toyota,gas,std,two,hatchback,fwd,front,95.7,158.7,63.6,54.5,1985.0,ohc,four,92.0,2bbl,9.0,62,4800,35.0,39.0,5348
,,,,,,,,,,,,,152.0,toyota,gas,std,two,hatchback,fwd,front,95.7,158.7,63.6,54.5,2040.0,ohc,four,92.0,2bbl,9.0,62,4800,31.0,38.0,6338
,,,,,,,,,,,,,153.0,toyota,gas,std,four,hatchback,fwd,front,95.7,158.7,63.6,54.5,2015.0,ohc,four,92.0,2bbl,9.0,62,4800,31.0,38.0,6488
,,,,,,,,,,,,,154.0,toyota,gas,std,four,wagon,fwd,front,95.7,169.7,63.6,59.1,2280.0,ohc,four,92.0,2bbl,9.0,62,4800,31.0,37.0,6918
,,,,,,,,,,,,,155.0,toyota,gas,std,four,wagon,4wd,front,95.7,169.7,63.6,59.1,2290.0,ohc,four,92.0,2bbl,9.0,62,4800,27.0,32.0,7898
,,,,,,,,,,,,,156.0,toyota,gas,std,four,wagon,4wd,front,95.7,169.7,63.6,59.1,3110.0,ohc,four,92.0,2bbl,9.0,62,4800,27.0,32.0,8778
,,,,,,,,,,,,,157.0,toyota,gas,std,four,sedan,fwd,front,95.7,166.3,64.4,53.0,2081.0,ohc,four,98.0,2bbl,9.0,70,4800,30.0,37.0,6938
,,,,,,,,,,,,,158.0,toyota,gas,std,four,hatchback,fwd,front,95.7,166.3,64.4,52.8,2109.0,ohc,four,98.0,2bbl,9.0,70,4800,30.0,37.0,7198
,,,,,,,,,,,,,159.0,toyota,diesel,std,four,sedan,fwd,front,95.7,166.3,64.4,53.0,2275.0,ohc,four,110.0,idi,22.5,56,4500,34.0,36.0,7898
,,,,,,,,,,,,,160.0,toyota,diesel,std,four,hatchback,fwd,front,95.7,166.3,64.4,52.8,2275.0,ohc,four,110.0,idi,22.5,56,4500,38.0,47.0,7788
,,,,,,,,,,,,,161.0,toyota,gas,std,four,sedan,fwd,front,95.7,166.3,64.4,53.0,2094.0,ohc,four,98.0,2bbl,9.0,70,4800,38.0,47.0,7738
,,,,,,,,,,,,,162.0,toyota,gas,std,four,hatchback,fwd,front,95.7,166.3,64.4,52.8,2122.0,ohc,four,98.0,2bbl,9.0,70,4800,28.0,34.0,8358
,,,,,,,,,,,,,163.0,toyota,gas,std,four,sedan,fwd,front,95.7,166.3,64.4,52.8,2140.0,ohc,four,98.0,2bbl,9.0,70,4800,28.0,34.0,9258
,,,,,,,,,,,,,164.0,toyota,gas,std,two,sedan,rwd,front,94.5,168.7,64.0,52.6,2169.0,ohc,four,98.0,2bbl,9.0,70,4800,29.0,34.0,8058
,,,,,,,,,,,,,165.0,toyota,gas,std,two,hatchback,rwd,front,94.5,168.7,64.0,52.6,2204.0,ohc,four,98.0,2bbl,9.0,70,4800,29.0,34.0,8238
,,,,,,,,,,,,,166.0,toyota,gas,std,two,sedan,rwd,front,94.5,168.7,64.0,52.6,2265.0,dohc,four,98.0,mpfi,9.4,112,6600,26.0,29.0,9298
,,,,,,,,,,,,,167.0,toyota,gas,std,two,hatchback,rwd,front,94.5,168.7,64.0,52.6,2300.0,dohc,four,98.0,mpfi,9.4,112,6600,26.0,29.0,9538
,,,,,,,,,,,,,168.0,toyota,gas,std,two,hardtop,rwd,front,98.4,176.2,65.6,52.0,2540.0,ohc,four,146.0,mpfi,9.3,116,4800,24.0,30.0,8449
,,,,,,,,,,,,,169.0,toyota,gas,std,two,hardtop,rwd,front,98.4,176.2,65.6,52.0,2536.0,ohc,four,146.0,mpfi,9.3,116,4800,24.0,30.0,9639
,,,,,,,,,,,,,170.0,toyota,gas,std,two,hatchback,rwd,front,98.4,176.2,65.6,52.0,2551.0,ohc,four,146.0,mpfi,9.3,116,4800,24.0,30.0,9989
,,,,,,,,,,,,,171.0,toyota,gas,std,two,hardtop,rwd,front,98.4,176.2,65.6,52.0,2679.0,ohc,four,146.0,mpfi,9.3,116,4800,24.0,30.0,11199
,,,,,,,,,,,,,172.0,toyota,gas,std,two,hatchback,rwd,front,98.4,176.2,65.6,52.0,2714.0,ohc,four,146.0,mpfi,9.3,116,4800,24.0,30.0,11549
,,,,,,,,,,,,,173.0,toyota,gas,std,two,convertible,rwd,front,98.4,176.2,65.6,53.0,2975.0,ohc,four,146.0,mpfi,9.3,116,4800,24.0,30.0,17669
,,,,,,,,,,,,,174.0,toyota,gas,std,four,sedan,fwd,front,102.4,175.6,66.5,54.9,2326.0,ohc,four,122.0,mpfi,8.7,92,4200,29.0,34.0,8948
,,,,,,,,,,,,,175.0,toyota,diesel,turbo,four,sedan,fwd,front,102.4,175.6,66.5,54.9,2480.0,ohc,four,110.0,idi,22.5,73,4500,30.0,33.0,10698
,,,,,,,,,,,,,176.0,toyota,gas,std,four,hatchback,fwd,front,102.4,175.6,66.5,53.9,2414.0,ohc,four,122.0,mpfi,8.7,92,4200,27.0,32.0,9988
,,,,,,,,,,,,,177.0,toyota,gas,std,four,sedan,fwd,front,102.4,175.6,66.5,54.9,2414.0,ohc,four,122.0,mpfi,8.7,92,4200,27.0,32.0,10898
,,,,,,,,,,,,,178.0,toyota,gas,std,four,hatchback,fwd,front,102.4,175.6,66.5,53.9,2458.0,ohc,four,122.0,mpfi,8.7,92,4200,27.0,32.0,11248
,,,,,,,,,,,,,179.0,toyota,gas,std,two,hatchback,rwd,front,102.9,183.5,67.7,52.0,2976.0,dohc,six,171.0,mpfi,9.3,161,5200,20.0,24.0,16558
,,,,,,,,,,,,,180.0,toyota,gas,std,two,hatchback,rwd,front,102.9,183.5,67.7,52.0,3016.0,dohc,six,171.0,mpfi,9.3,161,5200,19.0,24.0,15998
,,,,,,,,,,,,,181.0,toyota,gas,std,four,sedan,rwd,front,104.5,187.8,66.5,54.1,3131.0,dohc,six,171.0,mpfi,9.2,156,5200,20.0,24.0,15690
,,,,,,,,,,,,,182.0,toyota,gas,std,four,wagon,rwd,front,104.5,187.8,66.5,54.1,3151.0,dohc,six,161.0,mpfi,9.2,156,5200,19.0,24.0,15750
,,,,,,,,,,,,,183.0,volkswagen,diesel,std,two,sedan,fwd,front,97.3,171.7,65.5,55.7,2261.0,ohc,four,97.0,idi,23.0,52,4800,37.0,46.0,7775
,,,,,,,,,,,,,184.0,volkswagen,gas,std,two,sedan,fwd,front,97.3,171.7,65.5,55.7,2209.0,ohc,four,109.0,mpfi,9.0,85,5250,27.0,34.0,7975
,,,,,,,,,,,,,185.0,volkswagen,diesel,std,four,sedan,fwd,front,97.3,171.7,65.5,55.7,2264.0,ohc,four,97.0,idi,23.0,52,4800,37.0,46.0,7995
,,,,,,,,,,,,,186.0,volkswagen,gas,std,four,sedan,fwd,front,97.3,171.7,65.5,55.7,2212.0,ohc,four,109.0,mpfi,9.0,85,5250,27.0,34.0,8195
,,,,,,,,,,,,,187.0,volkswagen,gas,std,four,sedan,fwd,front,97.3,171.7,65.5,55.7,2275.0,ohc,four,109.0,mpfi,9.0,85,5250,27.0,34.0,8495
,,,,,,,,,,,,,188.0,volkswagen,diesel,turbo,four,sedan,fwd,front,97.3,171.7,65.5,55.7,2319.0,ohc,four,97.0,idi,23.0,68,4500,37.0,42.0,9495
,,,,,,,,,,,,,189.0,volkswagen,gas,std,four,sedan,fwd,front,97.3,171.7,65.5,55.7,2300.0,ohc,four,109.0,mpfi,10.0,100,5500,26.0,32.0,9995
,,,,,,,,,,,,,190.0,volkswagen,gas,std,two,convertible,fwd,front,94.5,159.3,64.2,55.6,2254.0,ohc,four,109.0,mpfi,8.5,90,5500,24.0,29.0,11595
,,,,,,,,,,,,,191.0,volkswagen,gas,std,two,hatchback,fwd,front,94.5,165.7,64.0,51.4,2221.0,ohc,four,109.0,mpfi,8.5,90,5500,24.0,29.0,9980
,,,,,,,,,,,,,192.0,volkswagen,gas,std,four,sedan,fwd,front,100.4,180.2,66.9,55.1,2661.0,ohc,five,136.0,mpfi,8.5,110,5500,19.0,24.0,13295
,,,,,,,,,,,,,193.0,volkswagen,diesel,turbo,four,sedan,fwd,front,100.4,180.2,66.9,55.1,2579.0,ohc,four,97.0,idi,23.0,68,4500,33.0,38.0,13845
,,,,,,,,,,,,,194.0,volkswagen,gas,std,four,wagon,fwd,front,100.4,183.1,66.9,55.1,2563.0,ohc,four,109.0,mpfi,9.0,88,5500,25.0,31.0,12290
,,,,,,,,,,,,,195.0,volvo,gas,std,four,sedan,rwd,front,104.3,188.8,67.2,56.2,2912.0,ohc,four,141.0,mpfi,9.5,114,5400,23.0,28.0,12940
,,,,,,,,,,,,,196.0,volvo,gas,std,four,wagon,rwd,front,104.3,188.8,67.2,57.5,3034.0,ohc,four,141.0,mpfi,9.5,114,5400,23.0,28.0,13415
,,,,,,,,,,,,,197.0,volvo,gas,std,four,sedan,rwd,front,104.3,188.8,67.2,56.2,2935.0,ohc,four,141.0,mpfi,9.5,114,5400,24.0,28.0,15985
,,,,,,,,,,,,,198.0,volvo,gas,std,four,wagon,rwd,front,104.3,188.8,67.2,57.5,3042.0,ohc,four,141.0,mpfi,9.5,114,5400,24.0,28.0,16515
,,,,,,,,,,,,,199.0,volvo,gas,turbo,four,sedan,rwd,front,104.3,188.8,67.2,56.2,3045.0,ohc,four,130.0,mpfi,7.5,162,5100,17.0,22.0,18420
,,,,,,,,,,,,,200.0,volvo,gas,turbo,four,wagon,rwd,front,104.3,188.8,67.2,57.5,3157.0,ohc,four,130.0,mpfi,7.5,162,5100,17.0,22.0,18950
,,,,,,,,,,,,,201.0,volvo,gas,std,four,sedan,rwd,front,109.1,188.8,68.9,55.5,2952.0,ohc,four,141.0,mpfi,9.5,114,5400,23.0,28.0,16845
,,,,,,,,,,,,,202.0,volvo,gas,turbo,four,sedan,rwd,front,109.1,188.8,68.8,55.5,3049.0,ohc,four,141.0,mpfi,8.7,160,5300,19.0,25.0,19045
,,,,,,,,,,,,,203.0,volvo,gas,std,four,sedan,rwd,front,109.1,188.8,68.9,55.5,3012.0,ohcv,six,173.0,mpfi,8.8,134,5500,18.0,23.0,21485
,,,,,,,,,,,,,204.0,volvo,diesel,turbo,four,sedan,rwd,front,109.1,188.8,68.9,55.5,3217.0,ohc,six,145.0,idi,23.0,106,4800,26.0,27.0,22470
,,,,,,,,,,,,,205.0,volvo,gas,turbo,four,sedan,rwd,front,109.1,188.8,68.9,55.5,3062.0,ohc,four,141.0,mpfi,9.5,114,5400,19.0,25.0,22625
,,,,,,2018-10-16,19.13,19.85,19.0,19.4,61787.0,0.0,,,,,,,,,,,,,,,,,,,,,,,
,,,,,,2018-10-17,19.62,19.65,18.86,19.08,90567.0,0.0,,,,,,,,,,,,,,,,,,,,,,,
,,,,,,2018-10-20,19.2,19.2,18.53,19.03,71667.0,0.0,,,,,,,,,,,,,,,,,,,,,,,
,,,,,,2018-10-21,19.09,19.5,19.0,19.32,91042.0,0.0,,,,,,,,,,,,,,,,,,,,,,,
,,,,,,2018-10-22,19.41,21.02,19.2,20.52,312342.0,0.0,,,,,,,,,,,,,,,,,,,,,,,
,,,,,,2018-10-23,20.41,22.23,20.41,21.05,80998.0,0.0,,,,,,,,,,,,,,,,,,,,,,,
,,,,,,2018-10-24,21.24,22.32,21.06,22.0,155610.0,0.0,,,,,,,,,,,,,,,,,,,,,,,
,,,,,,2018-10-27,22.0,22.65,21.9,22.03,200604.0,0.0,,,,,,,,,,,,,,,,,,,,,,,
,,,,,,2018-10-28,21.97,22.1,21.82,22.0,54810.0,0.0,,,,,,,,,,,,,,,,,,,,,,,
,,,,,,2018-10-29,21.99,22.0,21.33,21.39,197761.0,0.0,,,,,,,,,,,,,,,,,,,,,,,
,,,,,,2018-10-30,21.23,21.38,21.14,21.2,65404.0,0.0,,,,,,,,,,,,,,,,,,,,,,,
,,,,,,2018-10-31,21.45,22.14,21.0,21.78,310829.0,0.0,,,,,,,,,,,,,,,,,,,,,,,
,,,,,,2018-11-03,22.04,22.44,21.63,22.0,43862.0,0.0,,,,,,,,,,,,,,,,,,,,,,,
,,,,,,2018-11-04,22.16,22.39,21.77,21.85,31693.0,0.0,,,,,,,,,,,,,,,,,,,,,,,
,,,,,,2018-11-05,21.82,22.0,21.0,21.6,39658.0,0.0,,,,,,,,,,,,,,,,,,,,,,,
,,,,,,2018-11-06,21.5,26.4,21.15,23.35,488797.0,0.0,,,,,,,,,,,,,,,,,,,,,,,
,,,,,,2018-11-07,24.1,26.5,23.49,25.5,122556.0,0.0,,,,,,,,,,,,,,,,,,,,,,,
,,,,,,2018-11-10,25.71,27.31,24.67,26.48,79492.0,0.0,,,,,,,,,,,,,,,,,,,,,,,
,,,,,,2018-11-11,26.78,27.0,24.2,24.96,174476.0,0.0,,,,,,,,,,,,,,,,,,,,,,,
,,,,,,2018-11-12,25.77,25.84,24.85,25.0,182185.0,0.0,,,,,,,,,,,,,,,,,,,,,,,
,,,,,,2018-11-13,24.84,27.15,24.84,26.76,105088.0,0.0,,,,,,,,,,,,,,,,,,,,,,,
,,,,,,2018-11-14,26.96,26.96,25.57,26.46,107302.0,0.0,,,,,,,,,,,,,,,,,,,,,,,
,,,,,,2018-11-17,26.99,29.67,26.0,28.03,163422.0,0.0,,,,,,,,,,,,,,,,,,,,,,,
,,,,,,2018-11-18,27.99,30.0,27.99,29.35,87581.0,0.0,,,,,,,,,,,,,,,,,,,,,,,
,,,,,,2018-11-19,29.55,30.08,29.14,29.14,90963.0,0.0,,,,,,,,,,,,,,,,,,,,,,,
,,,,,,2018-11-20,29.23,29.6,26.92,27.02,104851.0,0.0,,,,,,,,,,,,,,,,,,,,,,,
,,,,,,2018-11-21,27.34,27.58,25.27,26.04,125439.0,0.0,,,,,,,,,,,,,,,,,,,,,,,
,,,,,,2018-11-24,26.05,28.85,25.89,26.6,120651.0,0.0,,,,,,,,,,,,,,,,,,,,,,,
,,,,,,2018-11-25,26.76,29.4,26.65,28.44,64021.0,0.0,,,,,,,,,,,,,,,,,,,,,,,
,,,,,,2018-11-26,28.32,29.43,27.84,28.78,33413.0,0.0,,,,,,,,,,,,,,,,,,,,,,,
,,,,,,2018-11-28,29.25,29.4,27.81,28.86,57934.0,0.0,,,,,,,,,,,,,,,,,,,,,,,
,,,,,,2018-12-01,28.52,29.66,27.95,29.59,86745.0,0.0,,,,,,,,,,,,,,,,,,,,,,,
,,,,,,2018-12-02,30.09,32.88,30.09,31.61,81265.0,0.0,,,,,,,,,,,,,,,,,,,,,,,
,,,,,,2018-12-03,31.8,32.49,31.11,31.11,58769.0,0.0,,,,,,,,,,,,,,,,,,,,,,,
,,,,,,2018-12-04,30.83,32.2,30.1,30.46,80967.0,0.0,,,,,,,,,,,,,,,,,,,,,,,
,,,,,,2018-12-05,31.04,32.13,30.7,31.71,45372.0,0.0,,,,,,,,,,,,,,,,,,,,,,,
,,,,,,2018-12-08,31.65,33.32,30.89,31.0,61893.0,0.0,,,,,,,,,,,,,,,,,,,,,,,
,,,,,,2018-12-09,30.86,32.64,30.25,32.41,61320.0,0.0,,,,,,,,,,,,,,,,,,,,,,,
,,,,,,2018-12-10,32.72,32.76,28.58,29.59,84318.0,0.0,,,,,,,,,,,,,,,,,,,,,,,
,,,,,,2018-12-11,30.1,31.5,29.59,29.78,59179.0,0.0,,,,,,,,,,,,,,,,,,,,,,,
,,,,,,2018-12-12,29.32,30.83,29.04,29.96,57381.0,0.0,,,,,,,,,,,,,,,,,,,,,,,
,,,,,,2018-12-15,30.0,30.39,28.67,29.7,143258.0,0.0,,,,,,,,,,,,,,,,,,,,,,,
,,,,,,2018-12-16,29.77,30.57,29.06,29.4,88336.0,0.0,,,,,,,,,,,,,,,,,,,,,,,
,,,,,,2018-12-17,29.21,30.33,27.02,29.75,151480.0,0.0,,,,,,,,,,,,,,,,,,,,,,,
,,,,,,2018-12-18,30.14,30.52,28.69,29.79,100964.0,0.0,,,,,,,,,,,,,,,,,,,,,,,
,,,,,,2018-12-19,29.93,30.89,28.79,29.5,633651.0,0.0,,,,,,,,,,,,,,,,,,,,,,,
,,,,,,2018-12-22,29.5,30.01,29.34,29.6,44651.0,0.0,,,,,,,,,,,,,,,,,,,,,,,
,,,,,,2018-12-23,29.56,29.9,28.62,29.5,96828.0,0.0,,,,,,,,,,,,,,,,,,,,,,,
,,,,,,2018-12-24,29.39,29.8,29.2,29.35,27941.0,0.0,,,,,,,,,,,,,,,,,,,,,,,
,,,,,,2018-12-26,29.48,30.0,29.29,29.76,20480.0,0.0,,,,,,,,,,,,,,,,,,,,,,,
,,,,,,2018-12-29,29.59,29.98,29.28,29.89,52957.0,0.0,,,,,,,,,,,,,,,,,,,,,,,
,,,,,,2018-12-30,29.33,31.26,29.16,30.96,69530.0,0.0,,,,,,,,,,,,,,,,,,,,,,,
,,,,,,2018-12-31,30.78,31.5,30.64,30.92,37960.0,0.0,,,,,,,,,,,,,,,,,,,,,,,
,,,,,,2019-01-02,30.87,31.58,29.22,30.21,45433.0,0.0,,,,,,,,,,,,,,,,,,,,,,,
,,,,,,2019-01-05,30.19,30.76,29.56,29.73,32816.0,0.0,,,,,,,,,,,,,,,,,,,,,,,
,,,,,,2019-01-06,29.84,29.84,28.29,29.38,62599.0,0.0,,,,,,,,,,,,,,,,,,,,,,,
,,,,,,2019-01-07,29.76,29.94,28.5,28.64,51521.0,0.0,,,,,,,,,,,,,,,,,,,,,,,
,,,,,,2019-01-08,28.96,29.51,28.57,29.37,73646.0,0.0,,,,,,,,,,,,,,,,,,,,,,,
,,,,,,2019-01-09,29.38,30.4,28.83,30.13,71245.0,0.0,,,,,,,,,,,,,,,,,,,,,,,
,,,,,,2019-01-12,30.31,30.61,29.05,29.27,35232.0,0.0,,,,,,,,,,,,,,,,,,,,,,,
,,,,,,2019-01-13,29.5,29.87,28.5,29.73,80414.0,0.0,,,,,,,,,,,,,,,,,,,,,,,
,,,,,,2019-01-14,29.42,29.77,28.85,29.65,24390.0,0.0,,,,,,,,,,,,,,,,,,,,,,,
,,,,,,2019-01-15,29.88,29.88,28.4,28.7,61447.0,0.0,,,,,,,,,,,,,,,,,,,,,,,
,,,,,,2019-01-16,28.55,30.15,28.51,30.13,64465.0,0.0,,,,,,,,,,,,,,,,,,,,,,,
,,,,,,2019-01-20,30.04,30.04,28.28,29.06,69950.0,0.0,,,,,,,,,,,,,,,,,,,,,,,
,,,,,,2019-01-21,28.88,29.91,28.5,28.96,42491.0,0.0,,,,,,,,,,,,,,,,,,,,,,,
,,,,,,2019-01-22,28.87,29.39,28.13,29.07,77508.0,0.0,,,,,,,,,,,,,,,,,,,,,,,
,,,,,,2019-01-23,29.07,29.07,27.89,27.89,43830.0,0.0,,,,,,,,,,,,,,,,,,,,,,,
,,,,,,2019-01-26,27.74,28.3,27.59,28.3,92120.0,0.0,,,,,,,,,,,,,,,,,,,,,,,
,,,,,,2019-01-27,28.16,28.94,27.69,27.72,31331.0,0.0,,,,,,,,,,,,,,,,,,,,,,,
,,,,,,2019-01-28,27.8,27.92,26.35,26.62,56490.0,0.0,,,,,,,,,,,,,,,,,,,,,,,
,,,,,,2019-01-29,26.6,26.6,25.82,26.27,66378.0,0.0,,,,,,,,,,,,,,,,,,,,,,,
,,,,,,2019-01-30,26.23,26.27,25.26,25.52,155255.0,0.0,,,,,,,,,,,,,,,,,,,,,,,
,,,,,,2019-02-02,25.71,25.71,25.0,25.59,63592.0,0.0,,,,,,,,,,,,,,,,,,,,,,,
,,,,,,2019-02-03,25.65,27.84,25.64,27.46,27089.0,0.0,,,,,,,,,,,,,,,,,,,,,,,
,,,,,,2019-02-04,27.49,27.77,27.06,27.34,54144.0,0.0,,,,,,,,,,,,,,,,,,,,,,,
,,,,,,2019-02-05,27.66,28.66,26.42,28.5,73870.0,0.0,,,,,,,,,,,,,,,,,,,,,,,
,,,,,,2019-02-06,28.41,29.61,28.22,28.66,48593.0,0.0,,,,,,,,,,,,,,,,,,,,,,,
,,,,,,2019-02-09,28.75,28.82,27.69,28.15,51657.0,0.0,,,,,,,,,,,,,,,,,,,,,,,
,,,,,,2019-02-10,28.4,29.26,27.64,27.92,65007.0,0.0,,,,,,,,,,,,,,,,,,,,,,,
,,,,,,2019-02-11,27.85,28.19,27.52,27.91,19904.0,0.0,,,,,,,,,,,,,,,,,,,,,,,
,,,,,,2019-02-12,27.96,29.76,27.71,28.2,52126.0,0.0,,,,,,,,,,,,,,,,,,,,,,,
,,,,,,2019-02-13,28.51,29.33,28.23,29.11,39212.0,0.0,,,,,,,,,,,,,,,,,,,,,,,
,,,,,,2019-02-17,29.31,29.71,29.21,29.36,18925.0,0.0,,,,,,,,,,,,,,,,,,,,,,,
,,,,,,2019-02-18,29.17,30.27,29.16,29.45,35211.0,0.0,,,,,,,,,,,,,,,,,,,,,,,
,,,,,,2019-02-19,29.58,29.58,29.22,29.38,9343.0,0.0,,,,,,,,,,,,,,,,,,,,,,,
,,,,,,2019-02-20,29.51,30.54,29.2,30.39,94039.0,0.0,,,,,,,,,,,,,,,,,,,,,,,
,,,,,,2019-02-23,30.07,32.15,30.07,32.1,84609.0,0.0,,,,,,,,,,,,,,,,,,,,,,,
,,,,,,2019-02-24,32.0,33.5,31.99,33.26,159173.0,0.0,,,,,,,,,,,,,,,,,,,,,,,
,,,,,,2019-02-25,33.75,37.7,33.51,37.33,174032.0,0.0,,,,,,,,,,,,,,,,,,,,,,,
,,,,,,2019-02-26,37.7,38.43,36.27,36.61,150677.0,0.0,,,,,,,,,,,,,,,,,,,,,,,
,,,,,,2019-02-27,36.5,37.25,34.59,35.99,140884.0,0.0,,,,,,,,,,,,,,,,,,,,,,,
,,,,,,2019-03-02,36.03,38.14,33.27,34.27,315900.0,0.0,,,,,,,,,,,,,,,,,,,,,,,
,,,,,,2019-03-03,31.6,32.36,29.75,30.73,856300.0,0.0,,,,,,,,,,,,,,,,,,,,,,,
,,,,,,2019-03-04,30.79,33.13,30.24,32.66,492800.0,0.0,,,,,,,,,,,,,,,,,,,,,,,
,,,,,,2019-03-05,32.54,32.54,31.32,32.1,201300.0,0.0,,,,,,,,,,,,,,,,,,,,,,,
,,,,,,2019-03-06,31.84,31.93,29.16,29.3,379300.0,0.0,,,,,,,,,,,,,,,,,,,,,,,
,,,,,,2019-03-09,28.75,28.95,26.0,26.2,387900.0,0.0,,,,,,,,,,,,,,,,,,,,,,,
,,,,,,2019-03-10,26.22,26.22,25.33,25.8,319000.0,0.0,,,,,,,,,,,,,,,,,,,,,,,
,,,,,,2019-03-11,25.7,26.04,23.94,24.65,292400.0,0.0,,,,,,,,,,,,,,,,,,,,,,,
,,,,,,2019-03-12,24.8,26.95,24.78,26.13,715900.0,0.0,,,,,,,,,,,,,,,,,,,,,,,
,,,,,,2019-03-13,25.96,28.67,25.96,27.74,560200.0,0.0,,,,,,,,,,,,,,,,,,,,,,,
,,,,,,2019-03-16,28.03,28.96,28.0,28.79,166400.0,0.0,,,,,,,,,,,,,,,,,,,,,,,
,,,,,,2019-03-17,28.65,30.74,28.65,29.54,387200.0,0.0,,,,,,,,,,,,,,,,,,,,,,,
,,,,,,2019-03-18,29.45,29.98,29.37,29.77,120700.0,0.0,,,,,,,,,,,,,,,,,,,,,,,
,,,,,,2019-03-19,29.71,30.23,29.17,30.19,174400.0,0.0,,,,,,,,,,,,,,,,,,,,,,,
,,,,,,2019-03-20,31.58,31.58,30.26,30.71,162200.0,0.0,,,,,,,,,,,,,,,,,,,,,,,
,,,,,,2019-03-23,30.67,30.99,27.71,28.8,254400.0,0.0,,,,,,,,,,,,,,,,,,,,,,,
,,,,,,2019-03-24,28.59,29.1,28.14,28.14,50500.0,0.0,,,,,,,,,,,,,,,,,,,,,,,
,,,,,,2019-03-25,28.25,28.6,26.93,27.97,278300.0,0.0,,,,,,,,,,,,,,,,,,,,,,,
,,,,,,2019-03-26,27.69,28.6,27.69,28.08,48700.0,0.0,,,,,,,,,,,,,,,,,,,,,,,
,,,,,,2019-03-27,28.38,30.86,28.36,29.27,193100.0,0.0,,,,,,,,,,,,,,,,,,,,,,,
,,,,,,2019-03-30,29.38,30.67,29.24,29.86,153600.0,0.0,,,,,,,,,,,,,,,,,,,,,,,
,,,,,,2019-03-31,29.79,30.93,29.66,30.58,239100.0,0.0,,,,,,,,,,,,,,,,,,,,,,,
,,,,,,2019-04-01,30.58,31.76,30.44,30.73,167600.0,0.0,,,,,,,,,,,,,,,,,,,,,,,
,,,,,,2019-04-02,30.69,31.13,30.52,30.99,145600.0,0.0,,,,,,,,,,,,,,,,,,,,,,,
,,,,,,2019-04-06,30.7,30.88,30.28,30.59,121300.0,0.0,,,,,,,,,,,,,,,,,,,,,,,
,,,,,,2019-04-07,30.75,32.75,30.7,32.32,202169.0,0.0,,,,,,,,,,,,,,,,,,,,,,,
,,,,,,2019-04-08,32.49,32.5,30.54,31.54,187900.0,0.0,,,,,,,,,,,,,,,,,,,,,,,
,,,,,,2019-04-09,31.68,32.68,31.29,31.86,88555.0,0.0,,,,,,,,,,,,,,,,,,,,,,,
,,,,,,2019-04-10,32.08,32.5,30.77,32.1,182100.0,0.0,,,,,,,,,,,,,,,,,,,,,,,
,,,,,,2019-04-13,32.27,32.27,30.91,31.16,106700.0,0.0,,,,,,,,,,,,,,,,,,,,,,,
,,,,,,2019-04-14,31.27,31.4,30.78,31.11,149900.0,0.0,,,,,,,,,,,,,,,,,,,,,,,
,,,,,,2019-04-15,31.0,32.79,30.94,32.02,252585.0,0.0,,,,,,,,,,,,,,,,,,,,,,,
,,,,,,2019-04-16,31.62,32.29,31.18,31.93,93566.0,0.0,,,,,,,,,,,,,,,,,,,,,,,
,,,,,,2019-04-17,31.65,31.87,31.5,31.62,96500.0,0.0,,,,,,,,,,,,,,,,,,,,,,,
,,,,,,2019-04-20,31.74,33.85,31.35,33.0,134552.0,0.0,,,,,,,,,,,,,,,,,,,,,,,
,,,,,,2019-04-21,33.14,33.35,32.68,33.11,67349.0,0.0,,,,,,,,,,,,,,,,,,,,,,,
,,,,,,2019-04-22,33.1,33.39,32.5,33.25,71138.0,0.0,,,,,,,,,,,,,,,,,,,,,,,
,,,,,,2019-04-23,33.46,34.5,32.86,33.04,190800.0,0.0,,,,,,,,,,,,,,,,,,,,,,,
,,,,,,2019-04-24,33.0,33.25,32.16,32.36,99100.0,0.0,,,,,,,,,,,,,,,,,,,,,,,
,,,,,,2019-04-27,32.66,32.99,31.31,31.41,103700.0,0.0,,,,,,,,,,,,,,,,,,,,,,,
,,,,,,2019-04-28,31.15,31.79,30.61,31.75,175300.0,0.0,,,,,,,,,,,,,,,,,,,,,,,
,,,,,,2019-04-29,31.66,32.01,30.4,31.31,205700.0,0.0,,,,,,,,,,,,,,,,,,,,,,,
,,,,,,2019-04-30,34.75,35.4,33.19,34.66,721900.0,0.0,,,,,,,,,,,,,,,,,,,,,,,
,,,,,,2019-05-01,34.81,34.81,32.5,34.43,182500.0,0.0,,,,,,,,,,,,,,,,,,,,,,,
,,,,,,2019-05-04,34.73,34.84,32.98,34.21,161800.0,0.0,,,,,,,,,,,,,,,,,,,,,,,
,,,,,,2019-05-05,34.1,34.2,31.91,32.0,130700.0,0.0,,,,,,,,,,,,,,,,,,,,,,,
,,,,,,2019-05-06,32.15,32.15,30.61,31.02,137923.0,0.0,,,,,,,,,,,,,,,,,,,,,,,
,,,,,,2019-05-07,30.69,31.56,30.0,30.98,115302.0,0.0,,,,,,,,,,,,,,,,,,,,,,,
,,,,,,2019-05-08,31.39,31.72,30.88,31.68,86100.0,0.0,,,,,,,,,,,,,,,,,,,,,,,
,,,,,,2019-05-11,31.81,33.46,31.73,32.79,128800.0,0.0,,,,,,,,,,,,,,,,,,,,,,,
,,,,,,2019-05-12,32.56,33.89,32.4,33.6,190637.0,0.0,,,,,,,,,,,,,,,,,,,,,,,
,,,,,,2019-05-13,34.09,35.0,33.8,34.19,210100.0,0.0,,,,,,,,,,,,,,,,,,,,,,,
,,,,,,2019-05-14,34.61,36.83,34.25,36.38,291700.0,0.0,,,,,,,,,,,,,,,,,,,,,,,
,,,,,,2019-05-15,36.46,37.46,36.12,37.01,250912.0,0.0,,,,,,,,,,,,,,,,,,,,,,,
,,,,,,2019-05-18,37.12,39.05,36.71,37.65,783775.0,0.0,,,,,,,,,,,,,,,,,,,,,,,
,,,,,,2019-05-19,37.79,37.86,35.85,35.98,213700.0,0.0,,,,,,,,,,,,,,,,,,,,,,,
,,,,,,2019-05-20,36.0,36.43,35.62,35.69,233400.0,0.0,,,,,,,,,,,,,,,,,,,,,,,
,,,,,,2019-05-21,35.85,38.15,35.6,37.95,559000.0,0.0,,,,,,,,,,,,,,,,,,,,,,,
,,,,,,2019-05-22,38.18,39.98,37.52,39.35,275100.0,0.0,,,,,,,,,,,,,,,,,,,,,,,
,,,,,,2019-05-26,39.4,39.75,37.74,38.31,102443.0,0.0,,,,,,,,,,,,,,,,,,,,,,,
,,,,,,2019-05-27,38.6,39.18,38.33,38.73,110500.0,0.0,,,,,,,,,,,,,,,,,,,,,,,
,,,,,,2019-05-28,38.56,39.0,38.31,38.55,70207.0,0.0,,,,,,,,,,,,,,,,,,,,,,,
,,,,,,2019-05-29,38.53,38.88,37.82,38.86,185000.0,0.0,,,,,,,,,,,,,,,,,,,,,,,
,,,,,,2019-06-01,38.86,39.59,38.73,39.04,128700.0,0.0,,,,,,,,,,,,,,,,,,,,,,,
,,,,,,2019-06-02,38.9,39.62,38.43,38.91,82981.0,0.0,,,,,,,,,,,,,,,,,,,,,,,
,,,,,,2019-06-03,39.17,42.12,39.17,41.48,543900.0,0.0,,,,,,,,,,,,,,,,,,,,,,,
,,,,,,2019-06-04,41.34,42.08,40.98,41.67,256300.0,0.0,,,,,,,,,,,,,,,,,,,,,,,
,,,,,,2019-06-05,41.35,42.21,41.26,41.87,189500.0,0.0,,,,,,,,,,,,,,,,,,,,,,,
,,,,,,2019-06-08,41.9,43.25,41.35,41.75,224700.0,0.0,,,,,,,,,,,,,,,,,,,,,,,
,,,,,,2019-06-09,42.24,42.24,37.54,39.16,258225.0,0.0,,,,,,,,,,,,,,,,,,,,,,,
,,,,,,2019-06-10,39.45,43.74,39.33,43.39,343394.0,0.0,,,,,,,,,,,,,,,,,,,,,,,
,,,,,,2019-06-11,43.58,45.48,42.88,43.52,269383.0,0.0,,,,,,,,,,,,,,,,,,,,,,,
,,,,,,2019-06-12,43.32,43.62,41.88,43.17,82600.0,0.0,,,,,,,,,,,,,,,,,,,,,,,
,,,,,,2019-06-15,42.88,43.0,41.77,42.61,319000.0,0.0,,,,,,,,,,,,,,,,,,,,,,,
,,,,,,2019-06-16,42.53,43.5,41.98,43.43,139400.0,0.0,,,,,,,,,,,,,,,,,,,,,,,
,,,,,,2019-06-17,43.65,44.0,42.46,43.32,209700.0,0.0,,,,,,,,,,,,,,,,,,,,,,,
,,,,,,2019-06-18,43.42,43.85,43.25,43.61,155600.0,0.0,,,,,,,,,,,,,,,,,,,,,,,
,,,,,,2019-06-19,43.58,44.4,43.27,44.28,165300.0,0.0,,,,,,,,,,,,,,,,,,,,,,,
,,,,,,2019-06-22,44.39,44.89,43.87,44.22,134100.0,0.0,,,,,,,,,,,,,,,,,,,,,,,
,,,,,,2019-06-23,44.17,45.24,43.88,44.16,235213.0,0.0,,,,,,,,,,,,,,,,,,,,,,,
,,,,,,2019-06-24,44.5,44.64,42.94,43.0,257700.0,0.0,,,,,,,,,,,,,,,,,,,,,,,
,,,,,,2019-06-25,43.14,43.76,42.71,43.43,159500.0,0.0,,,,,,,,,,,,,,,,,,,,,,,
,,,,,,2019-06-26,43.43,43.48,42.33,43.17,304400.0,0.0,,,,,,,,,,,,,,,,,,,,,,,
,,,,,,2019-06-29,42.17,43.9,41.8,43.07,102800.0,0.0,,,,,,,,,,,,,,,,,,,,,,,
,,,,,,2019-06-30,43.35,43.87,42.68,43.56,115658.0,0.0,,,,,,,,,,,,,,,,,,,,,,,
,,,,,,2019-07-01,43.86,44.5,41.77,42.94,131600.0,0.0,,,,,,,,,,,,,,,,,,,,,,,
,,,,,,2019-07-02,43.17,45.0,43.0,44.75,157800.0,0.0,,,,,,,,,,,,,,,,,,,,,,,
,,,,,,2019-07-06,44.22,46.6,44.03,44.7,353700.0,0.0,,,,,,,,,,,,,,,,,,,,,,,
,,,,,,2019-07-07,45.35,45.35,42.7,43.19,293300.0,0.0,,,,,,,,,,,,,,,,,,,,,,,
,,,,,,2019-07-08,42.61,43.11,39.59,40.88,293900.0,0.0,,,,,,,,,,,,,,,,,,,,,,,
,,,,,,2019-07-09,42.15,44.23,41.57,43.61,183300.0,0.0,,,,,,,,,,,,,,,,,,,,,,,
,,,,,,2019-07-10,44.09,44.2,41.7,42.41,165500.0,0.0,,,,,,,,,,,,,,,,,,,,,,,
,,,,,,2019-07-13,42.61,44.17,42.37,43.7,219200.0,0.0,,,,,,,,,,,,,,,,,,,,,,,
,,,,,,2019-07-14,43.47,43.85,42.75,43.46,145020.0,0.0,,,,,,,,,,,,,,,,,,,,,,,
,,,,,,2019-07-15,43.37,43.95,42.72,42.83,186544.0,0.0,,,,,,,,,,,,,,,,,,,,,,,
,,,,,,2019-07-16,42.83,43.82,42.11,43.32,226700.0,0.0,,,,,,,,,,,,,,,,,,,,,,,
,,,,,,2019-07-17,43.49,43.83,40.6,41.84,282900.0,0.0,,,,,,,,,,,,,,,,,,,,,,,
,,,,,,2019-07-20,42.05,42.57,40.67,40.98,160200.0,0.0,,,,,,,,,,,,,,,,,,,,,,,
,,,,,,2019-07-21,41.3,41.3,37.69,38.98,721900.0,0.0,,,,,,,,,,,,,,,,,,,,,,,
,,,,,,2019-07-22,38.99,39.49,38.2,38.64,330900.0,0.0,,,,,,,,,,,,,,,,,,,,,,,
,,,,,,2019-07-23,38.74,39.27,38.22,38.81,253000.0,0.0,,,,,,,,,,,,,,,,,,,,,,,
,,,,,,2019-07-24,38.53,39.1,37.6,38.86,256600.0,0.0,,,,,,,,,,,,,,,,,,,,,,,
,,,,,,2019-07-27,38.27,39.22,37.91,39.09,372500.0,0.0,,,,,,,,,,,,,,,,,,,,,,,
,,,,,,2019-07-28,38.97,39.82,37.8,39.6,148600.0,0.0,,,,,,,,,,,,,,,,,,,,,,,
,,,,,,2019-07-29,39.55,40.27,38.41,39.07,214200.0,0.0,,,,,,,,,,,,,,,,,,,,,,,
,,,,,,2019-07-30,39.07,40.28,37.0,37.49,1065200.0,0.0,,,,,,,,,,,,,,,,,,,,,,,
,,,,,,2019-07-31,37.43,38.23,37.43,38.01,525500.0,0.0,,,,,,,,,,,,,,,,,,,,,,,
,,,,,,2019-08-03,37.8,37.8,32.04,32.79,1391873.0,0.0,,,,,,,,,,,,,,,,,,,,,,,
,,,,,,2019-08-04,32.79,32.86,15.09,19.89,8182600.0,0.0,,,,,,,,,,,,,,,,,,,,,,,
,,,,,,2019-08-05,21.0,25.27,20.31,20.75,2802600.0,0.0,,,,,,,,,,,,,,,,,,,,,,,
,,,,,,2019-08-06,20.73,21.28,19.47,20.04,786050.0,0.0,,,,,,,,,,,,,,,,,,,,,,,
,,,,,,2019-08-07,20.04,20.17,16.59,17.77,896700.0,0.0,,,,,,,,,,,,,,,,,,,,,,,
,,,,,,2019-08-10,18.0,19.51,18.0,18.82,902100.0,0.0,,,,,,,,,,,,,,,,,,,,,,,
,,,,,,2019-08-11,18.8,19.08,18.0,18.36,719824.0,0.0,,,,,,,,,,,,,,,,,,,,,,,
,,,,,,2019-08-12,17.82,20.29,17.7,19.5,631100.0,0.0,,,,,,,,,,,,,,,,,,,,,,,
,,,,,,2019-08-13,19.3,22.97,19.3,22.38,1228900.0,0.0,,,,,,,,,,,,,,,,,,,,,,,
,,,,,,2019-08-14,22.45,22.67,21.13,22.62,695900.0,0.0,,,,,,,,,,,,,,,,,,,,,,,
,,,,,,2019-08-17,22.4,23.64,22.04,23.06,599300.0,0.0,,,,,,,,,,,,,,,,,,,,,,,
,,,,,,2019-08-18,23.15,25.74,23.05,24.12,832400.0,0.0,,,,,,,,,,,,,,,,,,,,,,,
,,,,,,2019-08-19,23.82,24.12,21.86,22.8,499700.0,0.0,,,,,,,,,,,,,,,,,,,,,,,
,,,,,,2019-08-20,22.59,22.81,21.16,21.79,445900.0,0.0,,,,,,,,,,,,,,,,,,,,,,,
,,,,,,2019-08-21,22.05,25.69,22.05,24.3,1126300.0,0.0,,,,,,,,,,,,,,,,,,,,,,,
,,,,,,2019-08-24,22.49,23.89,21.88,22.3,508189.0,0.0,,,,,,,,,,,,,,,,,,,,,,,
,,,,,,2019-08-25,23.33,25.49,21.07,21.34,366900.0,0.0,,,,,,,,,,,,,,,,,,,,,,,
,,,,,,2019-08-26,21.61,22.5,19.94,21.6,735800.0,0.0,,,,,,,,,,,,,,,,,,,,,,,
,,,,,,2019-08-27,21.95,22.35,20.5,21.76,262300.0,0.0,,,,,,,,,,,,,,,,,,,,,,,
,,,,,,2019-08-28,21.47,22.52,20.31,22.49,324700.0,0.0,,,,,,,,,,,,,,,,,,,,,,,
,,,,,,2019-08-31,22.29,24.75,22.02,23.61,446400.0,0.0,,,,,,,,,,,,,,,,,,,,,,,
,,,,,,2019-09-01,23.14,23.26,21.72,22.12,615300.0,0.0,,,,,,,,,,,,,,,,,,,,,,,
,,,,,,2019-09-02,22.34,25.57,22.07,25.03,1028900.0,0.0,,,,,,,,,,,,,,,,,,,,,,,
,,,,,,2019-09-03,25.0,27.61,23.91,25.3,666200.0,0.0,,,,,,,,,,,,,,,,,,,,,,,
,,,,,,2019-09-04,24.83,25.2,23.58,23.95,453800.0,0.0,,,,,,,,,,,,,,,,,,,,,,,
,,,,,,2019-09-08,24.67,24.67,23.63,23.8,193300.0,0.0,,,,,,,,,,,,,,,,,,,,,,,
,,,,,,2019-09-09,23.88,23.93,22.22,22.34,312100.0,0.0,,,,,,,,,,,,,,,,,,,,,,,
,,,,,,2019-09-10,22.25,23.86,22.11,23.03,336180.0,0.0,,,,,,,,,,,,,,,,,,,,,,,
,,,,,,2019-09-11,22.94,22.97,22.2,22.5,399400.0,0.0,,,,,,,,,,,,,,,,,,,,,,,
,,,,,,2019-09-14,22.46,24.62,22.21,23.19,438200.0,0.0,,,,,,,,,,,,,,,,,,,,,,,
,,,,,,2019-09-15,23.47,23.49,22.53,22.56,153600.0,0.0,,,,,,,,,,,,,,,,,,,,,,,
,,,,,,2019-09-16,22.66,24.14,22.38,23.93,171300.0,0.0,,,,,,,,,,,,,,,,,,,,,,,
,,,,,,2019-09-17,23.8,24.19,23.04,23.65,248100.0,0.0,,,,,,,,,,,,,,,,,,,,,,,
,,,,,,2019-09-18,23.33,24.22,23.01,23.78,267700.0,0.0,,,,,,,,,,,,,,,,,,,,,,,
,,,,,,2019-09-21,23.87,23.87,22.94,23.55,180600.0,0.0,,,,,,,,,,,,,,,,,,,,,,,
,,,,,,2019-09-22,23.18,23.45,22.24,23.15,229500.0,0.0,,,,,,,,,,,,,,,,,,,,,,,
,,,,,,2019-09-23,23.37,24.94,23.14,24.19,401500.0,0.0,,,,,,,,,,,,,,,,,,,,,,,
,,,,,,2019-09-24,24.15,24.81,23.78,24.68,383250.0,0.0,,,,,,,,,,,,,,,,,,,,,,,
,,,,,,2019-09-25,24.85,25.61,24.52,25.44,628500.0,0.0,,,,,,,,,,,,,,,,,,,,,,,
,,,,,,2019-09-28,25.21,25.5,22.13,23.4,988633.0,0.0,,,,,,,,,,,,,,,,,,,,,,,
,,,,,,2019-09-29,23.4,23.79,22.6,23.47,333100.0,0.0,,,,,,,,,,,,,,,,,,,,,,,
,,,,,,2019-09-30,23.52,24.14,22.1,22.25,419000.0,0.0,,,,,,,,,,,,,,,,,,,,,,,
,,,,,,2019-10-01,22.27,22.69,22.11,22.59,197400.0,0.0,,,,,,,,,,,,,,,,,,,,,,,
,,,,,,2019-10-02,22.42,24.48,22.42,24.43,295100.0,0.0,,,,,,,,,,,,,,,,,,,,,,,
,,,,,,2019-10-05,24.71,28.72,24.71,27.73,578755.0,0.0,,,,,,,,,,,,,,,,,,,,,,,
,,,,,,2019-10-06,27.86,28.46,26.4,27.0,373000.0,0.0,,,,,,,,,,,,,,,,,,,,,,,
,,,,,,2019-10-07,27.34,27.34,26.52,26.86,299400.0,0.0,,,,,,,,,,,,,,,,,,,,,,,
,,,,,,2019-10-08,26.56,26.93,26.29,26.76,108700.0,0.0,,,,,,,,,,,,,,,,,,,,,,,
,,,,,,2019-10-09,26.74,27.11,25.72,26.22,193100.0,0.0,,,,,,,,,,,,,,,,,,,,,,,
,,,,,,2019-10-12,26.29,27.0,26.14,26.76,253132.0,0.0,,,,,,,,,,,,,,,,,,,,,,,
,,,,,,2019-10-13,26.58,27.16,25.39,26.9,286900.0,0.0,,,,,,,,,,,,,,,,,,,,,,,
,,,,,,2019-10-14,27.4,27.4,25.81,26.66,164300.0,0.0,,,,,,,,,,,,,,,,,,,,,,,
,,,,,,2019-10-15,26.63,27.08,25.99,26.77,187500.0,0.0,,,,,,,,,,,,,,,,,,,,,,,
,,,,,,2019-10-16,26.82,28.35,25.21,27.18,762100.0,0.0,,,,,,,,,,,,,,,,,,,,,,,
,,,,,,2019-10-19,27.02,28.72,26.84,28.47,387300.0,0.0,,,,,,,,,,,,,,,,,,,,,,,
,,,,,,2019-10-20,28.42,28.59,27.31,28.03,142612.0,0.0,,,,,,,,,,,,,,,,,,,,,,,
,,,,,,2019-10-21,27.99,28.04,25.68,26.49,204400.0,0.0,,,,,,,,,,,,,,,,,,,,,,,
,,,,,,2019-10-22,26.71,26.71,24.83,25.66,410200.0,0.0,,,,,,,,,,,,,,,,,,,,,,,
,,,,,,2019-10-23,26.08,27.1,25.76,26.01,122600.0,0.0,,,,,,,,,,,,,,,,,,,,,,,
,,,,,,2019-10-26,26.01,26.61,25.05,26.16,176000.0,0.0,,,,,,,,,,,,,,,,,,,,,,,
,,,,,,2019-10-27,26.02,27.24,25.52,25.72,264200.0,0.0,,,,,,,,,,,,,,,,,,,,,,,
,,,,,,2019-10-28,28.4,28.4,22.66,23.76,659600.0,0.0,,,,,,,,,,,,,,,,,,,,,,,
,,,,,,2019-10-29,23.53,25.0,23.5,23.51,269300.0,0.0,,,,,,,,,,,,,,,,,,,,,,,
,,,,,,2019-10-30,23.47,23.63,22.68,23.2,257900.0,0.0,,,,,,,,,,,,,,,,,,,,,,,
,,,,,,2019-11-02,23.18,23.2,22.1,22.33,303179.0,0.0,,,,,,,,,,,,,,,,,,,,,,,
,,,,,,2019-11-03,22.21,22.54,21.48,21.79,392600.0,0.0,,,,,,,,,,,,,,,,,,,,,,,
,,,,,,2019-11-04,21.77,24.64,21.77,24.06,272446.0,0.0,,,,,,,,,,,,,,,,,,,,,,,
,,,,,,2019-11-05,24.1,24.41,23.46,24.25,93700.0,0.0,,,,,,,,,,,,,,,,,,,,,,,
,,,,,,2019-11-06,24.14,24.66,23.91,24.5,103800.0,0.0,,,,,,,,,,,,,,,,,,,,,,,
,,,,,,2019-11-09,24.5,24.84,23.44,23.51,157552.0,0.0,,,,,,,,,,,,,,,,,,,,,,,
,,,,,,2019-11-10,23.39,23.86,23.32,23.57,109600.0,0.0,,,,,,,,,,,,,,,,,,,,,,,
,,,,,,2019-11-11,23.68,23.92,22.0,22.56,252000.0,0.0,,,,,,,,,,,,,,,,,,,,,,,
,,,,,,2019-11-12,22.29,22.65,22.15,22.5,173900.0,0.0,,,,,,,,,,,,,,,,,,,,,,,
,,,,,,2019-11-13,22.16,23.12,22.04,22.68,74900.0,0.0,,,,,,,,,,,,,,,,,,,,,,,
,,,,,,2019-11-16,22.65,23.19,22.15,22.58,172900.0,0.0,,,,,,,,,,,,,,,,,,,,,,,
,,,,,,2019-11-17,22.6,23.9,22.42,22.52,109000.0,0.0,,,,,,,,,,,,,,,,,,,,,,,
,,,,,,2019-11-18,22.5,23.75,22.43,22.52,257700.0,0.0,,,,,,,,,,,,,,,,,,,,,,,
,,,,,,2019-11-19,22.53,22.78,22.05,22.4,185600.0,0.0,,,,,,,,,,,,,,,,,,,,,,,
,,,,,,2019-11-20,22.62,23.47,22.53,23.26,99600.0,0.0,,,,,,,,,,,,,,,,,,,,,,,
,,,,,,2019-11-23,23.13,24.5,23.13,23.7,158000.0,0.0,,,,,,,,,,,,,,,,,,,,,,,
,,,,,,2019-11-24,23.66,24.89,23.66,23.96,128100.0,0.0,,,,,,,,,,,,,,,,,,,,,,,
,,,,,,2019-11-25,23.92,25.05,23.92,24.63,216200.0,0.0,,,,,,,,,,,,,,,,,,,,,,,
,,,,,,2019-11-27,24.65,25.0,24.2,24.24,62000.0,0.0,,,,,,,,,,,,,,,,,,,,,,,
,,,,,,2019-11-30,24.26,24.79,24.26,24.54,130400.0,0.0,,,,,,,,,,,,,,,,,,,,,,,
,,,,,,2019-12-01,24.62,24.82,21.14,24.72,149113.0,0.0,,,,,,,,,,,,,,,,,,,,,,,
,,,,,,2019-12-02,24.65,24.68,23.72,23.88,71755.0,0.0,,,,,,,,,,,,,,,,,,,,,,,
,,,,,,2019-12-03,23.88,24.24,22.37,22.68,119103.0,0.0,,,,,,,,,,,,,,,,,,,,,,,
,,,,,,2019-12-04,22.84,23.67,21.59,22.46,284600.0,0.0,,,,,,,,,,,,,,,,,,,,,,,
,,,,,,2019-12-07,22.37,22.9,21.02,21.63,178800.0,0.0,,,,,,,,,,,,,,,,,,,,,,,
,,,,,,2019-12-08,21.56,23.49,21.35,22.84,469448.0,0.0,,,,,,,,,,,,,,,,,,,,,,,
,,,,,,2019-12-09,23.0,24.59,21.91,22.87,291500.0,0.0,,,,,,,,,,,,,,,,,,,,,,,
,,,,,,2019-12-10,23.11,24.5,22.86,22.96,233500.0,0.0,,,,,,,,,,,,,,,,,,,,,,,
,,,,,,2019-12-11,22.6,23.91,22.37,23.38,447100.0,0.0,,,,,,,,,,,,,,,,,,,,,,,
,,,,,,2019-12-14,23.17,24.0,21.8,22.51,157194.0,0.0,,,,,,,,,,,,,,,,,,,,,,,
,,,,,,2019-12-15,22.64,23.91,22.24,22.37,311300.0,0.0,,,,,,,,,,,,,,,,,,,,,,,
,,,,,,2019-12-16,22.58,22.9,21.72,22.55,355800.0,0.0,,,,,,,,,,,,,,,,,,,,,,,
,,,,,,2019-12-17,22.23,23.69,22.23,22.72,336600.0,0.0,,,,,,,,,,,,,,,,,,,,,,,
,,,,,,2019-12-18,22.8,23.53,21.95,22.06,208700.0,0.0,,,,,,,,,,,,,,,,,,,,,,,
,,,,,,2019-12-21,22.09,22.09,18.25,21.32,1249200.0,0.0,,,,,,,,,,,,,,,,,,,,,,,
,,,,,,2019-12-22,21.18,21.38,20.19,20.22,234302.0,0.0,,,,,,,,,,,,,,,,,,,,,,,
,,,,,,2019-12-23,20.15,20.41,18.67,18.82,332900.0,0.0,,,,,,,,,,,,,,,,,,,,,,,
,,,,,,2019-12-24,18.63,19.64,18.63,19.23,99768.0,0.0,,,,,,,,,,,,,,,,,,,,,,,
,,,,,,2019-12-28,19.04,19.36,18.33,18.74,227137.0,0.0,,,,,,,,,,,,,,,,,,,,,,,
,,,,,,2019-12-29,18.82,19.25,18.5,18.6,84701.0,0.0,,,,,,,,,,,,,,,,,,,,,,,
,,,,,,2019-12-30,18.51,19.06,18.34,18.55,92730.0,0.0,,,,,,,,,,,,,,,,,,,,,,,
,,,,,,2019-12-31,18.55,19.25,18.477,19.06,153629.0,0.0,,,,,,,,,,,,,,,,,,,,,,,
,,,,,,2020-01-04,18.88,18.95,18.07,18.52,119601.0,0.0,,,,,,,,,,,,,,,,,,,,,,,
,,,,,,2020-01-05,18.58,19.5,18.55,19.46,104795.0,0.0,,,,,,,,,,,,,,,,,,,,,,,
,,,,,,2020-01-06,19.5,19.535,18.76,19.01,126818.0,0.0,,,,,,,,,,,,,,,,,,,,,,,
,,,,,,2020-01-07,18.75,18.93,18.01,18.2,98535.0,0.0,,,,,,,,,,,,,,,,,,,,,,,
,,,,,,2020-01-08,18.2,18.72,17.66,18.11,227058.0,0.0,,,,,,,,,,,,,,,,,,,,,,,
,,,,,,2020-01-11,18.25,18.36,17.21,17.46,98576.0,0.0,,,,,,,,,,,,,,,,,,,,,,,
,,,,,,2020-01-12,17.58,18.1789,16.46,16.9,201888.0,0.0,,,,,,,,,,,,,,,,,,,,,,,
,,,,,,2020-01-13,16.9,16.91,15.91,16.24,238805.0,0.0,,,,,,,,,,,,,,,,,,,,,,,
,,,,,,2020-01-14,16.27,17.7,16.17,17.27,210645.0,0.0,,,,,,,,,,,,,,,,,,,,,,,
,,,,,,2020-01-15,16.91,16.96,16.185,16.77,175397.0,0.0,,,,,,,,,,,,,,,,,,,,,,,
,,,,,,2020-01-19,16.71,16.96,15.39,15.54,163100.0,0.0,,,,,,,,,,,,,,,,,,,,,,,
,,,,,,2020-01-20,15.47,16.45,14.36,16.36,351533.0,0.0,,,,,,,,,,,,,,,,,,,,,,,
,,,,,,2020-01-21,16.38,17.37,16.28,16.54,134088.0,0.0,,,,,,,,,,,,,,,,,,,,,,,
,,,,,,2020-01-22,16.94,17.155,16.51,16.69,116747.0,0.0,,,,,,,,,,,,,,,,,,,,,,,
,,,,,,2020-01-25,16.69,18.9,16.69,18.35,337681.0,0.0,,,,,,,,,,,,,,,,,,,,,,,
,,,,,,2020-01-26,18.44,19.5,18.01,19.46,153214.0,0.0,,,,,,,,,,,,,,,,,,,,,,,
,,,,,,2020-01-27,19.18,19.53,17.82,19.48,342479.0,0.0,,,,,,,,,,,,,,,,,,,,,,,
,,,,,,2020-01-28,19.68,19.94,16.44,17.15,295287.0,0.0,,,,,,,,,,,,,,,,,,,,,,,
,,,,,,2020-01-29,17.17,18.13,17.17,17.86,283578.0,0.0,,,,,,,,,,,,,,,,,,,,,,,
,,,,,,2020-02-01,17.75,19.2,17.69,18.65,395583.0,0.0,,,,,,,,,,,,,,,,,,,,,,,
,,,,,,2020-02-02,18.54,18.85,17.98,18.02,147476.0,0.0,,,,,,,,,,,,,,,,,,,,,,,
,,,,,,2020-02-03,18.1,18.4,17.54,18.27,88722.0,0.0,,,,,,,,,,,,,,,,,,,,,,,
,,,,,,2020-02-04,18.23,19.9,17.89,19.58,254267.0,0.0,,,,,,,,,,,,,,,,,,,,,,,
,,,,,,2020-02-05,19.47,19.97,19.0456,19.37,145625.0,0.0,,,,,,,,,,,,,,,,,,,,,,,
,,,,,,2020-02-08,19.19,19.86,18.26,19.31,459991.0,0.0,,,,,,,,,,,,,,,,,,,,,,,
,,,,,,2020-02-09,19.15,19.85,18.37,19.47,238206.0,0.0,,,,,,,,,,,,,,,,,,,,,,,
,,,,,,2020-02-10,19.55,20.08,19.18,19.59,84441.0,0.0,,,,,,,,,,,,,,,,,,,,,,,
,,,,,,2020-02-11,19.51,19.95,19.385,19.83,122851.0,0.0,,,,,,,,,,,,,,,,,,,,,,,
,,,,,,2020-02-12,19.98,20.92,19.868,20.13,271571.0,0.0,,,,,,,,,,,,,,,,,,,,,,,
,,,,,,2020-02-16,20.25,22.185,20.035,21.0,211663.0,0.0,,,,,,,,,,,,,,,,,,,,,,,
,,,,,,2020-02-17,21.0,22.61,20.91,22.26,320303.0,0.0,,,,,,,,,,,,,,,,,,,,,,,
,,,,,,2020-02-18,22.53,22.7269,21.04,21.35,239184.0,0.0,,,,,,,,,,,,,,,,,,,,,,,
,,,,,,2020-02-19,21.31,21.5,20.31,21.45,199652.0,0.0,,,,,,,,,,,,,,,,,,,,,,,
,,,,,,2020-02-22,21.86,23.13,21.46,22.68,378930.0,0.0,,,,,,,,,,,,,,,,,,,,,,,
,,,,,,2020-02-23,22.13,24.11,21.69,23.24,572062.0,0.0,,,,,,,,,,,,,,,,,,,,,,,
,,,,,,2020-02-24,22.79,23.895,22.79,23.06,184904.0,0.0,,,,,,,,,,,,,,,,,,,,,,,
,,,,,,2020-02-25,22.75,23.03,21.34,22.73,548394.0,0.0,,,,,,,,,,,,,,,,,,,,,,,
,,,,,,2020-02-26,22.7,22.925,21.09,21.74,235820.0,0.0,,,,,,,,,,,,,,,,,,,,,,,
,,,,,,2020-02-29,22.05,22.05,20.12,20.4,214048.0,0.0,,,,,,,,,,,,,,,,,,,,,,,
,,,,,,2020-03-01,20.4,20.92,20.24,20.34,111761.0,0.0,,,,,,,,,,,,,,,,,,,,,,,
,,,,,,2020-03-02,20.16,20.32,19.79,19.95,143925.0,0.0,,,,,,,,,,,,,,,,,,,,,,,
,,,,,,2020-03-03,19.86,20.54,19.66,19.91,315240.0,0.0,,,,,,,,,,,,,,,,,,,,,,,
,,,,,,2020-03-04,20.02,20.03,18.62,18.87,232118.0,0.0,,,,,,,,,,,,,,,,,,,,,,,
,,,,,,2020-03-07,18.99,19.029,17.65,17.8,248187.0,0.0,,,,,,,,,,,,,,,,,,,,,,,
,,,,,,2020-03-08,17.75,17.75,16.6,16.63,435088.0,0.0,,,,,,,,,,,,,,,,,,,,,,,
,,,,,,2020-03-09,16.59,17.19,16.27,16.97,379130.0,0.0,,,,,,,,,,,,,,,,,,,,,,,
,,,,,,2020-03-10,17.13,18.0,16.62,16.94,358777.0,0.0,,,,,,,,,,,,,,,,,,,,,,,
,,,,,,2020-03-11,17.03,18.64,16.95,18.07,356804.0,0.0,,,,,,,,,,,,,,,,,,,,,,,
,,,,,,2020-03-14,18.0,18.3,17.62,18.01,140212.0,0.0,,,,,,,,,,,,,,,,,,,,,,,
,,,,,,2020-03-15,17.81,17.8201,16.5791,17.04,163311.0,0.0,,,,,,,,,,,,,,,,,,,,,,,
,,,,,,2020-03-16,17.02,17.5,16.82,16.99,82331.0,0.0,,,,,,,,,,,,,,,,,,,,,,,
,,,,,,2020-03-17,17.04,18.22,16.725,17.9,225143.0,0.0,,,,,,,,,,,,,,,,,,,,,,,
,,,,,,2020-03-18,18.03,21.69,17.76,19.88,2035885.0,0.0,,,,,,,,,,,,,,,,,,,,,,,
,,,,,,2020-03-21,19.92,20.32,19.09,20.25,307640.0,0.0,,,,,,,,,,,,,,,,,,,,,,,
,,,,,,2020-03-22,20.0,20.1699,19.03,19.17,253739.0,0.0,,,,,,,,,,,,,,,,,,,,,,,
,,,,,,2020-03-23,19.2,19.24,18.08,18.21,231154.0,0.0,,,,,,,,,,,,,,,,,,,,,,,
,,,,,,2020-03-24,18.18,18.48,17.99,18.38,124236.0,0.0,,,,,,,,,,,,,,,,,,,,,,,
,,,,,,2020-03-28,18.66,19.015,18.22,18.43,311638.0,0.0,,,,,,,,,,,,,,,,,,,,,,,
,,,,,,2020-03-29,18.29,18.635,17.95,18.39,193541.0,0.0,,,,,,,,,,,,,,,,,,,,,,,
,,,,,,2020-03-30,18.62,19.72,18.41,19.61,353976.0,0.0,,,,,,,,,,,,,,,,,,,,,,,
,,,,,,2020-03-31,19.68,20.44,19.4807,19.79,428204.0,0.0,,,,,,,,,,,,,,,,,,,,,,,
,,,,,,2020-04-01,19.66,20.46,19.281,20.37,348467.0,0.0,,,,,,,,,,,,,,,,,,,,,,,
,,,,,,2020-04-04,20.97,20.97,19.64,20.11,202669.0,0.0,,,,,,,,,,,,,,,,,,,,,,,
,,,,,,2020-04-05,19.92,20.27,18.01,18.47,282488.0,0.0,,,,,,,,,,,,,,,,,,,,,,,
,,,,,,2020-04-06,18.95,19.04,17.81,18.57,293095.0,0.0,,,,,,,,,,,,,,,,,,,,,,,
,,,,,,2020-04-07,18.41,19.52,18.41,19.02,244085.0,0.0,,,,,,,,,,,,,,,,,,,,,,,
,,,,,,2020-04-08,19.11,19.37,18.5,18.69,302626.0,0.0,,,,,,,,,,,,,,,,,,,,,,,
,,,,,,2020-04-11,18.72,18.72,17.87,18.25,135463.0,0.0,,,,,,,,,,,,,,,,,,,,,,,
,,,,,,2020-04-12,18.25,18.642,17.695,18.44,146809.0,0.0,,,,,,,,,,,,,,,,,,,,,,,
,,,,,,2020-04-13,18.5,19.77,18.5,19.53,208167.0,0.0,,,,,,,,,,,,,,,,,,,,,,,
,,,,,,2020-04-14,19.15,20.01,18.85,19.87,220254.0,0.0,,,,,,,,,,,,,,,,,,,,,,,
,,,,,,2020-04-15,19.89,19.89,19.13,19.3,131688.0,0.0,,,,,,,,,,,,,,,,,,,,,,,
,,,,,,2020-04-18,19.08,19.37,18.83,19.02,134194.0,0.0,,,,,,,,,,,,,,,,,,,,,,,
,,,,,,2020-04-19,19.35,19.69,18.99,19.55,101849.0,0.0,,,,,,,,,,,,,,,,,,,,,,,
,,,,,,2020-04-20,19.52,20.9,19.45,20.56,201175.0,0.0,,,,,,,,,,,,,,,,,,,,,,,
,,,,,,2020-04-21,20.68,20.94,20.07,20.11,92220.0,0.0,,,,,,,,,,,,,,,,,,,,,,,
,,,,,,2020-04-22,20.19,20.95,20.19,20.63,121265.0,0.0,,,,,,,,,,,,,,,,,,,,,,,
,,,,,,2020-04-25,20.9,20.9,19.82,19.96,77923.0,0.0,,,,,,,,,,,,,,,,,,,,,,,
,,,,,,2020-04-26,19.93,20.31,19.89,20.18,111728.0,0.0,,,,,,,,,,,,,,,,,,,,,,,
,,,,,,2020-04-27,20.07,20.51,19.93,20.46,88539.0,0.0,,,,,,,,,,,,,,,,,,,,,,,
,,,,,,2020-04-28,20.52,21.03,20.51,20.67,210377.0,0.0,,,,,,,,,,,,,,,,,,,,,,,
,,,,,,2020-04-29,20.59,20.67,19.73,20.59,137904.0,0.0,,,,,,,,,,,,,,,,,,,,,,,
,,,,,,2020-05-02,20.53,20.53,19.58,20.06,152641.0,0.0,,,,,,,,,,,,,,,,,,,,,,,
,,,,,,2020-05-03,19.84,20.56,19.6,20.39,81523.0,0.0,,,,,,,,,,,,,,,,,,,,,,,
,,,,,,2020-05-04,20.42,20.4799,19.44,19.53,112262.0,0.0,,,,,,,,,,,,,,,,,,,,,,,
,,,,,,2020-05-05,21.15,22.54,20.72,21.5,464244.0,0.0,,,,,,,,,,,,,,,,,,,,,,,
,,,,,,2020-05-06,21.32,21.84,21.16,21.34,148874.0,0.0,,,,,,,,,,,,,,,,,,,,,,,
,,,,,,2020-05-09,21.34,21.94,20.78,21.53,115742.0,0.0,,,,,,,,,,,,,,,,,,,,,,,
,,,,,,2020-05-10,21.76,22.46,20.74,21.67,161959.0,0.0,,,,,,,,,,,,,,,,,,,,,,,
,,,,,,2020-05-11,21.58,21.71,21.165,21.39,44297.0,0.0,,,,,,,,,,,,,,,,,,,,,,,
,,,,,,2020-05-12,21.45,21.81,20.32,20.35,134990.0,0.0,,,,,,,,,,,,,,,,,,,,,,,
,,,,,,2020-05-13,20.35,20.72,20.2701,20.46,71005.0,0.0,,,,,,,,,,,,,,,,,,,,,,,
,,,,,,2020-05-16,20.49,20.67,20.165,20.54,128001.0,0.0,,,,,,,,,,,,,,,,,,,,,,,
,,,,,,2020-05-17,20.61,20.61,19.39,19.72,149000.0,0.0,,,,,,,,,,,,,,,,,,,,,,,
,,,,,,2020-05-18,19.7,20.14,19.58,19.87,97916.0,0.0,,,,,,,,,,,,,,,,,,,,,,,
,,,,,,2020-05-19,19.82,19.83,19.49,19.63,86444.0,0.0,,,,,,,,,,,,,,,,,,,,,,,
,,,,,,2020-05-20,19.6,20.16,19.16,19.85,54409.0,0.0,,,,,,,,,,,,,,,,,,,,,,,
,,,,,,2020-05-23,19.81,20.23,19.42,19.99,95896.0,0.0,,,,,,,,,,,,,,,,,,,,,,,
,,,,,,2020-05-24,20.0,21.0,19.55,20.89,120330.0,0.0,,,,,,,,,,,,,,,,,,,,,,,
,,,,,,2020-05-25,21.58,22.45,21.04,21.2,370729.0,0.0,,,,,,,,,,,,,,,,,,,,,,,
,,,,,,2020-05-26,21.28,21.57,20.58,20.67,121590.0,0.0,,,,,,,,,,,,,,,,,,,,,,,
,,,,,,2020-05-27,20.6,21.5699,20.38,21.39,171630.0,0.0,,,,,,,,,,,,,,,,,,,,,,,
,,,,,,2020-05-31,21.52,21.795,21.27,21.51,80505.0,0.0,,,,,,,,,,,,,,,,,,,,,,,
,,,,,,2020-06-01,21.08,22.21,21.08,22.21,269594.0,0.0,,,,,,,,,,,,,,,,,,,,,,,
,,,,,,2020-06-02,22.15,22.5,21.73,22.19,169194.0,0.0,,,,,,,,,,,,,,,,,,,,,,,
,,,,,,2020-06-03,22.13,22.5,21.46,21.49,101547.0,0.0,,,,,,,,,,,,,,,,,,,,,,,
,,,,,,2020-06-06,21.39,21.96,20.99,21.77,167181.0,0.0,,,,,,,,,,,,,,,,,,,,,,,
,,,,,,2020-06-07,21.71,22.48,21.6,22.28,129516.0,0.0,,,,,,,,,,,,,,,,,,,,,,,
,,,,,,2020-06-08,22.21,22.31,21.46,21.58,207074.0,0.0,,,,,,,,,,,,,,,,,,,,,,,
,,,,,,2020-06-09,21.42,21.465,20.77,21.09,136666.0,0.0,,,,,,,,,,,,,,,,,,,,,,,
,,,,,,2020-06-10,20.87,20.87,20.01,20.16,114091.0,0.0,,,,,,,,,,,,,,,,,,,,,,,
,,,,,,2020-06-13,20.04,20.73,19.73,19.96,115608.0,0.0,,,,,,,,,,,,,,,,,,,,,,,
,,,,,,2020-06-14,19.81,20.4,19.56,19.9,110568.0,0.0,,,,,,,,,,,,,,,,,,,,,,,
,,,,,,2020-06-15,20.42,20.53,19.6965,19.87,115615.0,0.0,,,,,,,,,,,,,,,,,,,,,,,
,,,,,,2020-06-16,19.82,20.41,19.75,19.88,114770.0,0.0,,,,,,,,,,,,,,,,,,,,,,,
,,,,,,2020-06-17,19.88,19.96,19.0,19.24,190093.0,0.0,,,,,,,,,,,,,,,,,,,,,,,
,,,,,,2020-06-20,19.7,20.02,19.53,19.56,79030.0,0.0,,,,,,,,,,,,,,,,,,,,,,,
,,,,,,2020-06-21,19.52,19.73,19.09,19.64,101132.0,0.0,,,,,,,,,,,,,,,,,,,,,,,
,,,,,,2020-06-22,19.67,20.32,19.28,19.94,153754.0,0.0,,,,,,,,,,,,,,,,,,,,,,,
,,,,,,2020-06-23,20.22,20.54,19.81,20.49,75855.0,0.0,,,,,,,,,,,,,,,,,,,,,,,
,,,,,,2020-06-24,19.64,20.88,19.12,20.75,383742.0,0.0,,,,,,,,,,,,,,,,,,,,,,,
,,,,,,2020-06-27,20.46,20.46,19.495,20.03,227073.0,0.0,,,,,,,,,,,,,,,,,,,,,,,
,,,,,,2020-06-28,20.36,21.105,20.1,21.08,162217.0,0.0,,,,,,,,,,,,,,,,,,,,,,,
,,,,,,2020-06-29,21.38,22.0,21.26,22.0,107303.0,0.0,,,,,,,,,,,,,,,,,,,,,,,
,,,,,,2020-06-30,22.03,22.91,21.86,22.82,119200.0,0.0,,,,,,,,,,,,,,,,,,,,,,,
,,,,,,2020-07-01,22.32,23.31,22.32,22.74,171300.0,0.0,,,,,,,,,,,,,,,,,,,,,,,
,,,,,,2020-07-05,22.84,22.84,21.74,22.5,62702.0,0.0,,,,,,,,,,,,,,,,,,,,,,,
,,,,,,2020-07-06,22.24,22.4,21.5412,22.28,134739.0,0.0,,,,,,,,,,,,,,,,,,,,,,,
,,,,,,2020-07-07,22.41,22.87,22.31,22.77,37845.0,0.0,,,,,,,,,,,,,,,,,,,,,,,
,,,,,,2020-07-08,23.0,23.2,22.55,22.65,156291.0,0.0,,,,,,,,,,,,,,,,,,,,,,,
,,,,,,2020-07-11,22.78,22.795,21.47,22.49,93272.0,0.0,,,,,,,,,,,,,,,,,,,,,,,
,,,,,,2020-07-12,22.77,22.77,22.25,22.42,112817.0,0.0,,,,,,,,,,,,,,,,,,,,,,,
,,,,,,2020-07-13,22.37,22.76,22.11,22.44,111842.0,0.0,,,,,,,,,,,,,,,,,,,,,,,
,,,,,,2020-07-14,22.71,23.09,22.7,22.92,57873.0,0.0,,,,,,,,,,,,,,,,,,,,,,,
,,,,,,2020-07-15,23.04,23.0999,22.5001,22.99,60147.0,0.0,,,,,,,,,,,,,,,,,,,,,,,
,,,,,,2020-07-18,23.13,23.15,22.92,23.03,86330.0,0.0,,,,,,,,,,,,,,,,,,,,,,,
,,,,,,2020-07-19,22.89,23.15,22.33,22.59,81504.0,0.0,,,,,,,,,,,,,,,,,,,,,,,
,,,,,,2020-07-20,22.56,22.64,21.79,21.84,111483.0,0.0,,,,,,,,,,,,,,,,,,,,,,,
,,,,,,2020-07-21,21.71,22.21,21.61,21.85,68696.0,0.0,,,,,,,,,,,,,,,,,,,,,,,
,,,,,,2020-07-22,21.85,22.21,21.5,22.1,28578.0,0.0,,,,,,,,,,,,,,,,,,,,,,,
,,,,,,2020-07-25,22.12,22.88,21.77,22.62,61734.0,0.0,,,,,,,,,,,,,,,,,,,,,,,
,,,,,,2020-07-26,22.7,22.86,22.14,22.75,44092.0,0.0,,,,,,,,,,,,,,,,,,,,,,,
,,,,,,2020-07-27,22.74,24.38,22.73,23.52,185273.0,0.0,,,,,,,,,,,,,,,,,,,,,,,
,,,,,,2020-07-28,23.38,23.53,22.61,22.67,117135.0,0.0,,,,,,,,,,,,,,,,,,,,,,,
,,,,,,2020-07-29,22.59,23.02,22.36,22.67,67323.0,0.0,,,,,,,,,,,,,,,,,,,,,,,
,,,,,,2020-08-01,22.54,22.54,21.12,21.5,181192.0,0.0,,,,,,,,,,,,,,,,,,,,,,,
,,,,,,2020-08-02,21.54,22.0,21.1,21.26,68057.0,0.0,,,,,,,,,,,,,,,,,,,,,,,
,,,,,,2020-08-03,21.13,21.38,19.83,19.96,232277.0,0.0,,,,,,,,,,,,,,,,,,,,,,,
,,,,,,2020-08-04,19.01,21.06,19.01,20.02,304968.0,0.0,,,,,,,,,,,,,,,,,,,,,,,
,,,,,,2020-08-05,20.13,20.23,18.64,18.79,270909.0,0.0,,,,,,,,,,,,,,,,,,,,,,,
,,,,,,2020-08-08,19.01,19.3,18.63,18.81,103004.0,0.0,,,,,,,,,,,,,,,,,,,,,,,
,,,,,,2020-08-09,18.88,18.95,17.91,18.05,191172.0,0.0,,,,,,,,,,,,,,,,,,,,,,,
,,,,,,2020-08-10,18.12,18.36,17.11,17.17,205635.0,0.0,,,,,,,,,,,,,,,,,,,,,,,
,,,,,,2020-08-11,17.55,17.811,17.26,17.45,189859.0,0.0,,,,,,,,,,,,,,,,,,,,,,,
,,,,,,2020-08-12,17.4,17.56,17.05,17.35,85558.0,0.0,,,,,,,,,,,,,,,,,,,,,,,
,,,,,,2020-08-15,19.04,21.45,18.41,18.55,615296.0,0.0,,,,,,,,,,,,,,,,,,,,,,,
,,,,,,2020-08-16,18.57,19.13,17.87,18.28,278932.0,0.0,,,,,,,,,,,,,,,,,,,,,,,
,,,,,,2020-08-17,18.61,18.61,17.95,18.0,132005.0,0.0,,,,,,,,,,,,,,,,,,,,,,,
,,,,,,2020-08-18,18.0,18.0326,17.5,17.6,301540.0,0.0,,,,,,,,,,,,,,,,,,,,,,,
,,,,,,2020-08-19,17.52,17.75,17.08,17.29,201877.0,0.0,,,,,,,,,,,,,,,,,,,,,,,
,,,,,,2020-08-22,17.53,17.82,17.13,17.81,140898.0,0.0,,,,,,,,,,,,,,,,,,,,,,,
,,,,,,2020-08-23,17.9,19.03,17.9,18.76,273661.0,0.0,,,,,,,,,,,,,,,,,,,,,,,
,,,,,,2020-08-24,18.75,19.01,18.11,18.45,180142.0,0.0,,,,,,,,,,,,,,,,,,,,,,,
,,,,,,2020-08-25,18.32,18.7,18.32,18.67,179547.0,0.0,,,,,,,,,,,,,,,,,,,,,,,
,,,,,,2020-08-26,18.73,19.1504,18.21,18.49,124805.0,0.0,,,,,,,,,,,,,,,,,,,,,,,
,,,,,,2020-08-29,18.68,18.86,18.5,18.77,268624.0,0.0,,,,,,,,,,,,,,,,,,,,,,,
,,,,,,2020-08-30,18.73,19.34,18.71,19.31,304501.0,0.0,,,,,,,,,,,,,,,,,,,,,,,
,,,,,,2020-08-31,19.4931,19.59,18.87,19.56,174932.0,0.0,,,,,,,,,,,,,,,,,,,,,,,
,,,,,,2020-09-01,19.6,19.62,19.06,19.26,178381.0,0.0,,,,,,,,,,,,,,,,,,,,,,,
,,,,,,2020-09-02,19.34,20.05,19.14,20.05,187681.0,0.0,,,,,,,,,,,,,,,,,,,,,,,
,,,,,,2020-09-06,19.99,20.29,19.27,20.18,182669.0,0.0,,,,,,,,,,,,,,,,,,,,,,,
,,,,,,2020-09-07,20.0,20.335,19.26,19.77,201439.0,0.0,,,,,,,,,,,,,,,,,,,,,,,
,,,,,,2020-09-08,19.78,19.78,19.26,19.43,172426.0,0.0,,,,,,,,,,,,,,,,,,,,,,,
,,,,,,2020-09-09,19.23,19.27,18.69,18.72,76102.0,0.0,,,,,,,,,,,,,,,,,,,,,,,
,,,,,,2020-09-12,18.5,18.81,18.08,18.71,222428.0,0.0,,,,,,,,,,,,,,,,,,,,,,,
,,,,,,2020-09-13,18.65,18.65,17.92,18.23,162459.0,0.0,,,,,,,,,,,,,,,,,,,,,,,
,,,,,,2020-09-14,18.28,18.4,17.97,18.11,90658.0,0.0,,,,,,,,,,,,,,,,,,,,,,,
,,,,,,2020-09-15,18.04,18.288,17.81,17.91,172501.0,0.0,,,,,,,,,,,,,,,,,,,,,,,
,,,,,,2020-09-16,17.85,18.1,17.49,17.5,158083.0,0.0,,,,,,,,,,,,,,,,,,,,,,,
,,,,,,2020-09-19,17.67,18.015,17.47,17.78,103036.0,0.0,,,,,,,,,,,,,,,,,,,,,,,
,,,,,,2020-09-20,17.85,18.1074,17.1,17.12,143165.0,0.0,,,,,,,,,,,,,,,,,,,,,,,
,,,,,,2020-09-21,17.23,17.39,16.7,17.09,107171.0,0.0,,,,,,,,,,,,,,,,,,,,,,,
,,,,,,2020-09-22,17.25,18.54,17.15,17.92,242038.0,0.0,,,,,,,,,,,,,,,,,,,,,,,
,,,,,,2020-09-23,17.84,18.05,16.84,17.04,295122.0,0.0,,,,,,,,,,,,,,,,,,,,,,,
,,,,,,2020-09-26,16.87,17.1,16.555,16.89,269807.0,0.0,,,,,,,,,,,,,,,,,,,,,,,
,,,,,,2020-09-27,16.94,17.02,16.6,16.87,135390.0,0.0,,,,,,,,,,,,,,,,,,,,,,,
,,,,,,2020-09-28,16.86,17.16,16.54,16.65,180920.0,0.0,,,,,,,,,,,,,,,,,,,,,,,
,,,,,,2020-09-29,16.59,17.05,16.51,16.98,110956.0,0.0,,,,,,,,,,,,,,,,,,,,,,,
,,,,,,2020-09-30,17.05,17.55,16.9508,17.39,111113.0,0.0,,,,,,,,,,,,,,,,,,,,,,,
,,,,,,2020-10-03,17.44,17.66,17.24,17.61,97596.0,0.0,,,,,,,,,,,,,,,,,,,,,,,
,,,,,,2020-10-04,17.45,17.544,16.88,17.35,215948.0,0.0,,,,,,,,,,,,,,,,,,,,,,,
,,,,,,2020-10-05,17.35,17.56,17.075,17.24,155812.0,0.0,,,,,,,,,,,,,,,,,,,,,,,
,,,,,,2020-10-06,17.17,17.3,17.045,17.17,158078.0,0.0,,,,,,,,,,,,,,,,,,,,,,,
,,,,,,2020-10-07,17.17,17.28,16.98,17.16,137096.0,0.0,,,,,,,,,,,,,,,,,,,,,,,
,,,,,,2020-10-10,17.32,17.68,17.29,17.37,107154.0,0.0,,,,,,,,,,,,,,,,,,,,,,,
,,,,,,2020-10-11,17.27,17.3,17.09,17.17,84125.0,0.0,,,,,,,,,,,,,,,,,,,,,,,
,,,,,,2020-10-12,17.25,17.6,16.97,17.21,155889.0,0.0,,,,,,,,,,,,,,,,,,,,,,,
,,,,,,2020-10-13,17.15,17.37,17.02,17.25,160195.0,0.0,,,,,,,,,,,,,,,,,,,,,,,
,,,,,,2020-10-14,17.34,17.34,17.0,17.11,93764.0,0.0,,,,,,,,,,,,,,,,,,,,,,,
,,,,,,2020-10-17,17.1,17.2,16.75,16.92,119386.0,0.0,,,,,,,,,,,,,,,,,,,,,,,
,,,,,,2020-10-18,17.1,17.1,16.62,16.87,154189.0,0.0,,,,,,,,,,,,,,,,,,,,,,,
,,,,,,2020-10-19,16.8,17.0,16.56,16.91,120000.0,0.0,,,,,,,,,,,,,,,,,,,,,,,
,,,,,,2020-10-20,16.75,17.26,16.7,17.25,98327.0,0.0,,,,,,,,,,,,,,,,,,,,,,,
,,,,,,2020-10-21,17.07,17.25,16.81,16.88,137010.0,0.0,,,,,,,,,,,,,,,,,,,,,,,
,,,,,,2020-10-24,19.76,19.98,16.78,17.46,688766.0,0.0,,,,,,,,,,,,,,,,,,,,,,,
,,,,,,2020-10-25,17.25,17.39,16.72,16.96,203855.0,0.0,,,,,,,,,,,,,,,,,,,,,,,
,,,,,,2020-10-26,16.85,17.72,16.74,17.57,161290.0,0.0,,,,,,,,,,,,,,,,,,,,,,,
,,,,,,2020-10-27,17.62,17.77,17.0,17.05,87061.0,0.0,,,,,,,,,,,,,,,,,,,,,,,
,,,,,,2020-10-28,17.15,17.39,16.65,16.68,95531.0,0.0,,,,,,,,,,,,,,,,,,,,,,,
,,,,,,2020-10-31,16.68,16.97,16.39,16.39,153957.0,0.0,,,,,,,,,,,,,,,,,,,,,,,
,,,,,,2020-11-01,16.44,16.72,16.02,16.28,121892.0,0.0,,,,,,,,,,,,,,,,,,,,,,,
,,,,,,2020-11-02,16.28,16.5,15.36,15.89,246999.0,0.0,,,,,,,,,,,,,,,,,,,,,,,
,,,,,,2020-11-03,11.2,11.2,7.68,7.8,3742602.0,0.0,,,,,,,,,,,,,,,,,,,,,,,
,,,,,,2020-11-04,7.65,7.93,7.33,7.51,1246354.0,0.0,,,,,,,,,,,,,,,,,,,,,,,
,,,,,,2020-11-07,7.8,7.87,7.445,7.6,635918.0,0.0,,,,,,,,,,,,,,,,,,,,,,,
,,,,,,2020-11-08,7.59,7.63,6.97,7.0,808568.0,0.0,,,,,,,,,,,,,,,,,,,,,,,
,,,,,,2020-11-09,6.07,7.09,6.01,7.04,842582.0,0.0,,,,,,,,,,,,,,,,,,,,,,,
,,,,,,2020-11-10,7.04,7.78,6.97,7.63,501172.0,0.0,,,,,,,,,,,,,,,,,,,,,,,
,,,,,,2020-11-11,7.82,8.97,7.63,8.87,580900.0,0.0,,,,,,,,,,,,,,,,,,,,,,,
,,,,,,2020-11-14,8.91,9.78,8.87,9.28,652654.0,0.0,,,,,,,,,,,,,,,,,,,,,,,
,,,,,,2020-11-15,9.2,9.25,9.0,9.16,317190.0,0.0,,,,,,,,,,,,,,,,,,,,,,,
,,,,,,2020-11-16,9.7,9.85,9.37,9.75,377464.0,0.0,,,,,,,,,,,,,,,,,,,,,,,
,,,,,,2020-11-17,9.72,10.62,9.64,10.44,351548.0,0.0,,,,,,,,,,,,,,,,,,,,,,,
,,,,,,2020-11-18,10.41,10.4835,10.1,10.12,202594.0,0.0,,,,,,,,,,,,,,,,,,,,,,,
,,,,,,2020-11-21,10.23,10.23,9.09,9.25,288951.0,0.0,,,,,,,,,,,,,,,,,,,,,,,
,,,,,,2020-11-22,9.26,9.575,9.21,9.43,222737.0,0.0,,,,,,,,,,,,,,,,,,,,,,,
,,,,,,2020-11-23,9.43,9.43,9.24,9.27,128254.0,0.0,,,,,,,,,,,,,,,,,,,,,,,
,,,,,,2020-11-25,9.27,9.6,9.27,9.57,32055.0,0.0,,,,,,,,,,,,,,,,,,,,,,,
,,,,,,2020-11-28,9.43,9.43,8.75,8.8,217390.0,0.0,,,,,,,,,,,,,,,,,,,,,,,
,,,,,,2020-11-29,8.68,8.92,8.61,8.69,143192.0,0.0,,,,,,,,,,,,,,,,,,,,,,,
,,,,,,2020-11-30,8.58,8.8,8.29,8.39,242200.0,0.0,,,,,,,,,,,,,,,,,,,,,,,
,,,,,,2020-12-01,8.3,8.54,8.08,8.52,305155.0,0.0,,,,,,,,,,,,,,,,,,,,,,,
,,,,,,2020-12-02,8.41,8.72,8.35,8.42,166190.0,0.0,,,,,,,,,,,,,,,,,,,,,,,
,,,,,,2020-12-05,8.39,8.79,8.27,8.57,296706.0,0.0,,,,,,,,,,,,,,,,,,,,,,,
,,,,,,2020-12-06,8.47,8.67,8.36,8.52,202300.0,0.0,,,,,,,,,,,,,,,,,,,,,,,
,,,,,,2020-12-07,8.4,8.54,8.03,8.2,236250.0,0.0,,,,,,,,,,,,,,,,,,,,,,,
,,,,,,2020-12-08,8.27,8.39,8.12,8.32,246297.0,0.0,,,,,,,,,,,,,,,,,,,,,,,
,,,,,,2020-12-09,8.25,8.7,8.13,8.4,301866.0,0.0,,,,,,,,,,,,,,,,,,,,,,,
,,,,,,2020-12-12,8.4,8.515,8.19,8.22,149453.0,0.0,,,,,,,,,,,,,,,,,,,,,,,
,,,,,,2020-12-13,8.21,8.21,7.35,7.41,273715.0,0.0,,,,,,,,,,,,,,,,,,,,,,,
,,,,,,2020-12-14,7.39,7.8,7.27,7.77,324971.0,0.0,,,,,,,,,,,,,,,,,,,,,,,
,,,,,,2020-12-15,7.75,8.05,7.715,7.8,172070.0,0.0,,,,,,,,,,,,,,,,,,,,,,,
,,,,,,2020-12-16,7.83,8.09,7.68,7.7,246823.0,0.0,,,,,,,,,,,,,,,,,,,,,,,
,,,,,,2020-12-19,7.72,7.97,7.6,7.64,221017.0,0.0,,,,,,,,,,,,,,,,,,,,,,,
,,,,,,2020-12-20,7.63,7.8,7.45,7.47,179041.0,0.0,,,,,,,,,,,,,,,,,,,,,,,
,,,,,,2020-12-21,7.5,7.68,7.47,7.49,158157.0,0.0,,,,,,,,,,,,,,,,,,,,,,,
,,,,,,2020-12-22,7.51,7.61,7.23,7.34,242933.0,0.0,,,,,,,,,,,,,,,,,,,,,,,
,,,,,,2020-12-23,7.39,7.44,7.26,7.3,100972.0,0.0,,,,,,,,,,,,,,,,,,,,,,,
,,,,,,2020-12-27,7.3,7.35,7.15,7.16,210913.0,0.0,,,,,,,,,,,,,,,,,,,,,,,
,,,,,,2020-12-28,7.13,7.2008,6.8,7.0,247978.0,0.0,,,,,,,,,,,,,,,,,,,,,,,
,,,,,,2020-12-29,6.99,7.08,6.57,6.86,186640.0,0.0,,,,,,,,,,,,,,,,,,,,,,,
,,,,,,2020-12-30,6.88,7.5077,6.8301,7.24,199087.0,0.0,,,,,,,,,,,,,,,,,,,,,,,
,,,,,,2021-01-03,7.29,7.73,7.075,7.72,218350.0,0.0,,,,,,,,,,,,,,,,,,,,,,,
,,,,,,2021-01-04,7.72,7.89,7.62,7.69,257639.0,0.0,,,,,,,,,,,,,,,,,,,,,,,
,,,,,,2021-01-05,7.66,7.76,7.43,7.54,252009.0,0.0,,,,,,,,,,,,,,,,,,,,,,,
,,,,,,2021-01-06,7.57,7.637,7.46,7.54,97909.0,0.0,,,,,,,,,,,,,,,,,,,,,,,
,,,,,,2021-01-09,7.58,7.69,7.5,7.56,145819.0,0.0,,,,,,,,,,,,,,,,,,,,,,,
,,,,,,2021-01-10,7.6,7.96,7.6,7.92,140105.0,0.0,,,,,,,,,,,,,,,,,,,,,,,
,,,,,,2021-01-11,7.94,8.31,7.82,8.26,189169.0,0.0,,,,,,,,,,,,,,,,,,,,,,,
,,,,,,2021-01-12,8.25,8.25,7.9,8.0,173853.0,0.0,,,,,,,,,,,,,,,,,,,,,,,
,,,,,,2021-01-13,8.03,8.26,8.03,8.09,53803.0,0.0,,,,,,,,,,,,,,,,,,,,,,,
,,,,,,2021-01-17,8.06,8.12,7.9,8.0,166793.0,0.0,,,,,,,,,,,,,,,,,,,,,,,
,,,,,,2021-01-18,8.06,8.09,7.91,7.97,90543.0,0.0,,,,,,,,,,,,,,,,,,,,,,,
,,,,,,2021-01-19,8.0,8.08,7.81,7.85,76856.0,0.0,,,,,,,,,,,,,,,,,,,,,,,
,,,,,,2021-01-20,7.85,8.07,7.85,8.05,53409.0,0.0,,,,,,,,,,,,,,,,,,,,,,,
,,,,,,2021-01-23,8.04,8.04,7.87,7.95,88318.0,0.0,,,,,,,,,,,,,,,,,,,,,,,
,,,,,,2021-01-24,8.0,8.307,7.83,8.17,74229.0,0.0,,,,,,,,,,,,,,,,,,,,,,,
,,,,,,2021-01-25,8.2,8.29,8.12,8.16,94066.0,0.0,,,,,,,,,,,,,,,,,,,,,,,
,,,,,,2021-01-26,8.18,8.205,8.035,8.08,78453.0,0.0,,,,,,,,,,,,,,,,,,,,,,,
,,,,,,2021-01-27,8.07,8.145,7.84,8.11,140722.0,0.0,,,,,,,,,,,,,,,,,,,,,,,
,,,,,,2021-01-30,8.05,8.15,7.91,7.95,213700.0,0.0,,,,,,,,,,,,,,,,,,,,,,,
,,,,,,2021-01-31,7.96,8.055,7.75,7.95,97882.0,0.0,,,,,,,,,,,,,,,,,,,,,,,
,,,,,,2021-02-01,7.95,8.1,7.93,8.01,62619.0,0.0,,,,,,,,,,,,,,,,,,,,,,,
,,,,,,2021-02-02,7.95,8.18,7.8543,8.03,126575.0,0.0,,,,,,,,,,,,,,,,,,,,,,,
,,,,,,2021-02-03,8.17,8.35,8.03,8.17,94709.0,0.0,,,,,,,,,,,,,,,,,,,,,,,
,,,,,,2021-02-06,8.0,8.19,7.891,7.97,125758.0,0.0,,,,,,,,,,,,,,,,,,,,,,,
,,,,,,2021-02-07,7.93,7.97,7.8,7.95,87198.0,0.0,,,,,,,,,,,,,,,,,,,,,,,
,,,,,,2021-02-08,7.85,7.95,7.76,7.79,92195.0,0.0,,,,,,,,,,,,,,,,,,,,,,,
,,,,,,2021-02-09,7.87,7.97,7.75,7.9,96577.0,0.0,,,,,,,,,,,,,,,,,,,,,,,
,,,,,,2021-02-10,7.99,8.11,7.88,7.9,88753.0,0.0,,,,,,,,,,,,,,,,,,,,,,,
,,,,,,2021-02-13,7.9,8.06,7.75,7.78,116082.0,0.0,,,,,,,,,,,,,,,,,,,,,,,
,,,,,,2021-02-14,7.78,8.02,7.75,7.92,98010.0,0.0,,,,,,,,,,,,,,,,,,,,,,,
,,,,,,2021-02-15,7.92,8.175,7.89,8.11,118952.0,0.0,,,,,,,,,,,,,,,,,,,,,,,
,,,,,,2021-02-16,8.03,8.21,7.91,8.06,68601.0,0.0,,,,,,,,,,,,,,,,,,,,,,,
,,,,,,2021-02-17,8.01,8.13,7.78,8.11,84704.0,0.0,,,,,,,,,,,,,,,,,,,,,,,
,,,,,,2021-02-21,8.12,8.25,8.06,8.15,84583.0,0.0,,,,,,,,,,,,,,,,,,,,,,,
,,,,,,2021-02-22,8.13,8.33,7.84,7.86,87871.0,0.0,,,,,,,,,,,,,,,,,,,,,,,
,,,,,,2021-02-23,7.85,7.93,7.71,7.74,165743.0,0.0,,,,,,,,,,,,,,,,,,,,,,,
,,,,,,2021-02-24,7.72,7.73,7.51,7.58,72430.0,0.0,,,,,,,,,,,,,,,,,,,,,,,
,,,,,,2021-02-27,7.55,7.68,7.45,7.59,173343.0,0.0,,,,,,,,,,,,,,,,,,,,,,,
,,,,,,2021-02-28,7.55,9.53,7.05,9.17,418117.0,0.0,,,,,,,,,,,,,,,,,,,,,,,
,,,,,,2021-03-01,9.32,9.68,8.8,8.91,307752.0,0.0,,,,,,,,,,,,,,,,,,,,,,,
,,,,,,2021-03-02,8.87,9.03,8.7,8.91,120837.0,0.0,,,,,,,,,,,,,,,,,,,,,,,
,,,,,,2021-03-03,8.87,9.06,8.82,9.0,231207.0,0.0,,,,,,,,,,,,,,,,,,,,,,,
,,,,,,2021-03-06,8.97,9.065,8.8201,8.99,136909.0,0.0,,,,,,,,,,,,,,,,,,,,,,,
,,,,,,2021-03-07,8.95,8.97,8.64,8.7,127898.0,0.0,,,,,,,,,,,,,,,,,,,,,,,
,,,,,,2021-03-08,8.71,8.92,8.63,8.69,108599.0,0.0,,,,,,,,,,,,,,,,,,,,,,,
,,,,,,2021-03-09,8.66,8.86,8.52,8.6,122068.0,0.0,,,,,,,,,,,,,,,,,,,,,,,
,,,,,,2021-03-10,8.63,8.76,8.54,8.74,91200.0,0.0,,,,,,,,,,,,,,,,,,,,,,,
,,,,,,2021-03-13,8.69,9.1,8.68,8.72,166311.0,0.0,,,,,,,,,,,,,,,,,,,,,,,
,,,,,,2021-03-14,8.66,8.72,8.37,8.64,137235.0,0.0,,,,,,,,,,,,,,,,,,,,,,,
,,,,,,2021-03-15,8.65,9.12,8.42,8.9,177614.0,0.0,,,,,,,,,,,,,,,,,,,,,,,
,,,,,,2021-03-16,8.88,8.955,8.56,8.58,142189.0,0.0,,,,,,,,,,,,,,,,,,,,,,,
,,,,,,2021-03-17,8.6,8.7,8.57,8.58,95902.0,0.0,,,,,,,,,,,,,,,,,,,,,,,
,,,,,,2021-03-20,8.58,8.58,8.3,8.37,93401.0,0.0,,,,,,,,,,,,,,,,,,,,,,,
,,,,,,2021-03-21,8.39,8.5074,8.18,8.24,78297.0,0.0,,,,,,,,,,,,,,,,,,,,,,,
,,,,,,2021-03-22,8.25,8.278,7.875,7.99,131523.0,0.0,,,,,,,,,,,,,,,,,,,,,,,
,,,,,,2021-03-23,8.0,8.04,7.76,7.81,67912.0,0.0,,,,,,,,,,,,,,,,,,,,,,,
,,,,,,2021-03-24,7.74,8.08,7.58,7.98,119807.0,0.0,,,,,,,,,,,,,,,,,,,,,,,
,,,,,,2021-03-27,7.99,8.55,7.92,8.43,128305.0,0.0,,,,,,,,,,,,,,,,,,,,,,,
,,,,,,2021-03-28,8.37,8.51,8.13,8.28,118285.0,0.0,,,,,,,,,,,,,,,,,,,,,,,
,,,,,,2021-03-29,8.28,8.68,8.1,8.6,222249.0,0.0,,,,,,,,,,,,,,,,,,,,,,,
,,,,,,2021-03-30,8.57,8.59,8.38,8.49,166916.0,0.0,,,,,,,,,,,,,,,,,,,,,,,
,,,,,,2021-03-31,8.45,8.91,8.42,8.53,91905.0,0.0,,,,,,,,,,,,,,,,,,,,,,,
,,,,,,2021-04-03,8.55,8.79,8.39,8.52,152061.0,0.0,,,,,,,,,,,,,,,,,,,,,,,
,,,,,,2021-04-04,8.47,8.55,8.2,8.34,139775.0,0.0,,,,,,,,,,,,,,,,,,,,,,,
,,,,,,2021-04-05,8.39,8.53,8.11,8.19,119036.0,0.0,,,,,,,,,,,,,,,,,,,,,,,
,,,,,,2021-04-06,8.2,8.44,8.15,8.43,127377.0,0.0,,,,,,,,,,,,,,,,,,,,,,,
,,,,,,2021-04-07,8.43,8.43,8.21,8.3,63900.0,0.0,,,,,,,,,,,,,,,,,,,,,,,
,,,,,,2021-04-10,8.21,8.5119,8.21,8.26,81117.0,0.0,,,,,,,,,,,,,,,,,,,,,,,
,,,,,,2021-04-11,8.26,8.35,8.229,8.27,55611.0,0.0,,,,,,,,,,,,,,,,,,,,,,,
,,,,,,2021-04-12,8.24,8.33,8.125,8.2,90293.0,0.0,,,,,,,,,,,,,,,,,,,,,,,
,,,,,,2021-04-13,8.19,8.19,8.025,8.08,79621.0,0.0,,,,,,,,,,,,,,,,,,,,,,,
,,,,,,2021-04-17,8.07,8.07,7.85,7.98,127308.0,0.0,,,,,,,,,,,,,,,,,,,,,,,
,,,,,,2021-04-18,7.93,7.93,7.46,7.67,117440.0,0.0,,,,,,,,,,,,,,,,,,,,,,,
,,,,,,2021-04-19,7.71,7.82,7.46,7.53,104371.0,0.0,,,,,,,,,,,,,,,,,,,,,,,
,,,,,,2021-04-20,7.55,7.64,7.342,7.56,74573.0,0.0,,,,,,,,,,,,,,,,,,,,,,,
,,,,,,2021-04-21,7.58,7.6804,7.31,7.39,86580.0,0.0,,,,,,,,,,,,,,,,,,,,,,,
,,,,,,2021-04-24,7.48,7.4931,7.07,7.18,152036.0,0.0,,,,,,,,,,,,,,,,,,,,,,,
,,,,,,2021-04-25,7.21,7.39,7.03,7.06,65054.0,0.0,,,,,,,,,,,,,,,,,,,,,,,
,,,,,,2021-04-26,7.05,7.55,7.05,7.49,121080.0,0.0,,,,,,,,,,,,,,,,,,,,,,,
,,,,,,2021-04-27,7.5,7.65,7.07,7.1,72729.0,0.0,,,,,,,,,,,,,,,,,,,,,,,
,,,,,,2021-04-28,7.1,7.45,7.01,7.16,58351.0,0.0,,,,,,,,,,,,,,,,,,,,,,,
,,,,,,2021-05-01,7.13,7.27,7.01,7.12,51342.0,0.0,,,,,,,,,,,,,,,,,,,,,,,
,,,,,,2021-05-02,7.16,7.84,7.16,7.81,89835.0,0.0,,,,,,,,,,,,,,,,,,,,,,,
,,,,,,2021-05-03,7.84,8.09,7.365,7.38,104717.0,0.0,,,,,,,,,,,,,,,,,,,,,,,
,,,,,,2021-05-04,8.22,8.987,7.77,7.95,341148.0,0.0,,,,,,,,,,,,,,,,,,,,,,,
,,,,,,2021-05-05,7.93,7.93,6.87,7.09,273381.0,0.0,,,,,,,,,,,,,,,,,,,,,,,
,,,,,,2021-05-08,7.11,7.24,7.0,7.17,64766.0,0.0,,,,,,,,,,,,,,,,,,,,,,,
,,,,,,2021-05-09,7.21,7.21,7.02,7.09,74205.0,0.0,,,,,,,,,,,,,,,,,,,,,,,
,,,,,,2021-05-10,7.03,7.36,7.0,7.18,99216.0,0.0,,,,,,,,,,,,,,,,,,,,,,,
,,,,,,2021-05-11,7.19,7.49,7.11,7.43,62793.0,0.0,,,,,,,,,,,,,,,,,,,,,,,
,,,,,,2021-05-12,7.47,7.4717,7.15,7.17,60991.0,0.0,,,,,,,,,,,,,,,,,,,,,,,
,,,,,,2021-05-15,7.17,7.325,7.01,7.23,87937.0,0.0,,,,,,,,,,,,,,,,,,,,,,,
,,,,,,2021-05-16,7.21,7.2448,7.03,7.07,106679.0,0.0,,,,,,,,,,,,,,,,,,,,,,,
,,,,,,2021-05-17,7.03,7.07,6.86,6.87,136664.0,0.0,,,,,,,,,,,,,,,,,,,,,,,
,,,,,,2021-05-18,6.87,6.87,6.52,6.56,141203.0,0.0,,,,,,,,,,,,,,,,,,,,,,,
,,,,,,2021-05-19,6.58,7.12,6.58,6.72,104685.0,0.0,,,,,,,,,,,,,,,,,,,,,,,
,,,,,,2021-05-22,6.7,7.0,6.7,6.92,50379.0,0.0,,,,,,,,,,,,,,,,,,,,,,,
,,,,,,2021-05-23,6.99,7.08,6.8,7.03,63932.0,0.0,,,,,,,,,,,,,,,,,,,,,,,
,,,,,,2021-05-24,7.18,7.2397,7.01,7.02,358389.0,0.0,,,,,,,,,,,,,,,,,,,,,,,
,,,,,,2021-05-25,7.01,7.12,6.51,6.59,271604.0,0.0,,,,,,,,,,,,,,,,,,,,,,,
,,,,,,2021-05-26,6.53,6.75,6.32,6.75,185082.0,0.0,,,,,,,,,,,,,,,,,,,,,,,
,,,,,,2021-05-30,6.7,6.7,6.05,6.29,311473.0,0.0,,,,,,,,,,,,,,,,,,,,,,,
,,,,,,2021-05-31,6.26,6.315,6.25,6.28,168532.0,0.0,,,,,,,,,,,,,,,,,,,,,,,
,,,,,,2021-06-01,6.24,6.67,6.07,6.46,210235.0,0.0,,,,,,,,,,,,,,,,,,,,,,,
,,,,,,2021-06-02,6.46,6.665,6.32,6.5,119227.0,0.0,,,,,,,,,,,,,,,,,,,,,,,
,,,,,,2021-06-05,6.54,6.67,6.26,6.37,94937.0,0.0,,,,,,,,,,,,,,,,,,,,,,,
,,,,,,2021-06-06,6.3,6.38,6.02,6.28,117065.0,0.0,,,,,,,,,,,,,,,,,,,,,,,
,,,,,,2021-06-07,6.28,6.409,5.99,6.05,135848.0,0.0,,,,,,,,,,,,,,,,,,,,,,,
,,,,,,2021-06-08,6.01,6.46,6.01,6.37,97208.0,0.0,,,,,,,,,,,,,,,,,,,,,,,
,,,,,,2021-06-09,6.32,6.7,6.26,6.47,89032.0,0.0,,,,,,,,,,,,,,,,,,,,,,,
,,,,,,2021-06-12,6.43,6.69,6.43,6.55,43314.0,0.0,,,,,,,,,,,,,,,,,,,,,,,
,,,,,,2021-06-13,6.56,6.72,6.47,6.55,76422.0,0.0,,,,,,,,,,,,,,,,,,,,,,,
,,,,,,2021-06-14,6.57,6.79,6.53,6.75,65257.0,0.0,,,,,,,,,,,,,,,,,,,,,,,
,,,,,,2021-06-15,6.69,6.8,6.59,6.62,37221.0,0.0,,,,,,,,,,,,,,,,,,,,,,,
,,,,,,2021-06-16,6.55,6.6699,6.19,6.28,124201.0,0.0,,,,,,,,,,,,,,,,,,,,,,,
,,,,,,2021-06-19,6.31,6.6,6.13,6.52,65389.0,0.0,,,,,,,,,,,,,,,,,,,,,,,
,,,,,,2021-06-20,6.49,6.85,6.355,6.81,48553.0,0.0,,,,,,,,,,,,,,,,,,,,,,,
,,,,,,2021-06-21,6.79,6.967,6.52,6.57,53646.0,0.0,,,,,,,,,,,,,,,,,,,,,,,
,,,,,,2021-06-22,6.55,7.27,6.55,7.23,116364.0,0.0,,,,,,,,,,,,,,,,,,,,,,,
,,,,,,2021-06-23,7.21,7.21,6.86,7.03,367453.0,0.0,,,,,,,,,,,,,,,,,,,,,,,
,,,,,,2021-06-26,7.01,7.25,6.99,7.08,58372.0,0.0,,,,,,,,,,,,,,,,,,,,,,,
,,,,,,2021-06-27,7.07,7.21,6.86,6.91,34853.0,0.0,,,,,,,,,,,,,,,,,,,,,,,
,,,,,,2021-06-28,6.9,7.27,6.9,6.99,42337.0,0.0,,,,,,,,,,,,,,,,,,,,,,,
,,,,,,2021-06-29,7.0,7.11,6.63,7.04,83634.0,0.0,,,,,,,,,,,,,,,,,,,,,,,
,,,,,,2021-06-30,7.08,7.1,6.83,6.93,25174.0,0.0,,,,,,,,,,,,,,,,,,,,,,,
,,,,,,2021-07-03,6.93,7.07,6.85,7.01,18632.0,0.0,,,,,,,,,,,,,,,,,,,,,,,
,,,,,,2021-07-05,7.0,7.0,6.7,6.81,44562.0,0.0,,,,,,,,,,,,,,,,,,,,,,,
,,,,,,2021-07-06,6.89,7.05,6.1,6.41,114377.0,0.0,,,,,,,,,,,,,,,,,,,,,,,
,,,,,,2021-07-07,6.42,6.56,6.15,6.28,112206.0,0.0,,,,,,,,,,,,,,,,,,,,,,,
,,,,,,2021-07-10,6.29,7.11,6.03,6.61,151256.0,0.0,,,,,,,,,,,,,,,,,,,,,,,
,,,,,,2021-07-11,6.75,6.75,6.39,6.65,71178.0,0.0,,,,,,,,,,,,,,,,,,,,,,,
,,,,,,2021-07-12,6.59,6.73,6.36,6.4,88532.0,0.0,,,,,,,,,,,,,,,,,,,,,,,
,,,,,,2021-07-13,6.39,6.75,6.34,6.66,73757.0,0.0,,,,,,,,,,,,,,,,,,,,,,,
,,,,,,2021-07-14,6.68,7.04,6.54,6.76,123362.0,0.0,,,,,,,,,,,,,,,,,,,,,,,
,,,,,,2021-07-17,6.82,6.99,6.69,6.91,42335.0,0.0,,,,,,,,,,,,,,,,,,,,,,,
,,,,,,2021-07-18,6.9,7.1,6.73,6.86,102887.0,0.0,,,,,,,,,,,,,,,,,,,,,,,
,,,,,,2021-07-19,6.89,6.9999,6.7,6.74,50778.0,0.0,,,,,,,,,,,,,,,,,,,,,,,
,,,,,,2021-07-20,6.74,6.89,6.58,6.64,51984.0,0.0,,,,,,,,,,,,,,,,,,,,,,,
,,,,,,2021-07-21,6.68,6.81,6.45,6.75,133998.0,0.0,,,,,,,,,,,,,,,,,,,,,,,
,,,,,,2021-07-24,6.75,6.86,6.51,6.69,96703.0,0.0,,,,,,,,,,,,,,,,,,,,,,,
,,,,,,2021-07-25,6.8,6.8,6.58,6.66,43423.0,0.0,,,,,,,,,,,,,,,,,,,,,,,
,,,,,,2021-07-26,6.65,6.69,6.39,6.46,117810.0,0.0,,,,,,,,,,,,,,,,,,,,,,,
,,,,,,2021-07-27,6.47,6.55,6.26,6.43,92266.0,0.0,,,,,,,,,,,,,,,,,,,,,,,
,,,,,,2021-07-28,6.42,6.56,6.295,6.52,73629.0,0.0,,,,,,,,,,,,,,,,,,,,,,,
,,,,,,2021-07-31,6.51,6.51,6.07,6.27,212428.0,0.0,,,,,,,,,,,,,,,,,,,,,,,
,,,,,,2021-08-01,6.34,6.58,6.09,6.47,91923.0,0.0,,,,,,,,,,,,,,,,,,,,,,,
,,,,,,2021-08-02,6.41,6.41,5.99,6.06,148416.0,0.0,,,,,,,,,,,,,,,,,,,,,,,
,,,,,,2021-08-03,6.5,7.37,6.072,7.29,322751.0,0.0,,,,,,,,,,,,,,,,,,,,,,,
,,,,,,2021-08-04,7.3,8.38,7.23,8.14,440417.0,0.0,,,,,,,,,,,,,,,,,,,,,,,
,,,,,,2021-08-07,8.09,8.35,8.0,8.14,213035.0,0.0,,,,,,,,,,,,,,,,,,,,,,,
,,,,,,2021-08-08,8.11,8.55,8.11,8.28,153115.0,0.0,,,,,,,,,,,,,,,,,,,,,,,
,,,,,,2021-08-09,8.2,8.23,7.9,8.21,143406.0,0.0,,,,,,,,,,,,,,,,,,,,,,,
,,,,,,2021-08-10,8.35,8.75,8.155,8.43,218634.0,0.0,,,,,,,,,,,,,,,,,,,,,,,
,,,,,,2021-08-11,8.42,8.75,8.2,8.67,75340.0,0.0,,,,,,,,,,,,,,,,,,,,,,,
,,,,,,2021-08-14,8.75,9.23,8.46,8.98,122555.0,0.0,,,,,,,,,,,,,,,,,,,,,,,
,,,,,,2021-08-15,8.98,8.99,8.72,8.77,60113.0,0.0,,,,,,,,,,,,,,,,,,,,,,,
,,,,,,2021-08-16,8.76,8.98,8.518,8.69,123155.0,0.0,,,,,,,,,,,,,,,,,,,,,,,
,,,,,,2021-08-17,8.67,9.0,8.51,8.78,119261.0,0.0,,,,,,,,,,,,,,,,,,,,,,,
,,,,,,2021-08-18,8.74,9.11,8.7,9.05,55617.0,0.0,,,,,,,,,,,,,,,,,,,,,,,
,,,,,,2021-08-21,9.08,9.15,8.79,8.98,143331.0,0.0,,,,,,,,,,,,,,,,,,,,,,,
,,,,,,2021-08-22,9.02,9.206,9.02,9.12,61920.0,0.0,,,,,,,,,,,,,,,,,,,,,,,
,,,,,,2021-08-23,9.1,9.142,8.84,8.93,48732.0,0.0,,,,,,,,,,,,,,,,,,,,,,,
,,,,,,2021-08-24,8.93,9.19,8.9,9.12,60469.0,0.0,,,,,,,,,,,,,,,,,,,,,,,
,,,,,,2021-08-25,9.15,9.205,8.97,9.01,50027.0,0.0,,,,,,,,,,,,,,,,,,,,,,,
,,,,,,2021-08-28,9.07,9.3299,8.9578,9.14,46915.0,0.0,,,,,,,,,,,,,,,,,,,,,,,
,,,,,,2021-08-29,9.15,9.16,8.9,8.98,65374.0,0.0,,,,,,,,,,,,,,,,,,,,,,,
,,,,,,2021-08-30,9.0,9.29,8.87,9.21,52371.0,0.0,,,,,,,,,,,,,,,,,,,,,,,
,,,,,,2021-08-31,9.24,9.48,9.14,9.29,82520.0,0.0,,,,,,,,,,,,,,,,,,,,,,,
,,,,,,2021-09-01,9.29,9.84,9.29,9.8,67533.0,0.0,,,,,,,,,,,,,,,,,,,,,,,
,,,,,,2021-09-05,9.8,9.95,9.58,9.82,81607.0,0.0,,,,,,,,,,,,,,,,,,,,,,,
,,,,,,2021-09-06,9.88,10.42,9.6938,10.36,104792.0,0.0,,,,,,,,,,,,,,,,,,,,,,,
,,,,,,2021-09-07,10.36,10.36,10.01,10.16,57762.0,0.0,,,,,,,,,,,,,,,,,,,,,,,
,,,,,,2021-09-08,10.13,10.43,10.13,10.35,47158.0,0.0,,,,,,,,,,,,,,,,,,,,,,,
,,,,,,2021-09-11,10.28,10.85,10.28,10.77,59999.0,0.0,,,,,,,,,,,,,,,,,,,,,,,
,,,,,,2021-09-12,10.75,13.0551,10.75,12.58,484473.0,0.0,,,,,,,,,,,,,,,,,,,,,,,
,,,,,,2021-09-13,12.52,12.57,11.53,11.65,156226.0,0.0,,,,,,,,,,,,,,,,,,,,,,,
,,,,,,2021-09-14,12.19,12.29,11.331,11.4,216706.0,0.0,,,,,,,,,,,,,,,,,,,,,,,
,,,,,,2021-09-15,11.42,11.519,11.21,11.4,232155.0,0.0,,,,,,,,,,,,,,,,,,,,,,,
,,,,,,2021-09-18,11.43,11.43,10.7252,11.0,118565.0,0.0,,,,,,,,,,,,,,,,,,,,,,,
,,,,,,2021-09-19,11.0,11.02,10.17,10.2,130699.0,0.0,,,,,,,,,,,,,,,,,,,,,,,
,,,,,,2021-09-20,10.18,10.89,10.13,10.74,163665.0,0.0,,,,,,,,,,,,,,,,,,,,,,,
,,,,,,2021-09-21,10.7,10.835,9.52,9.54,141139.0,0.0,,,,,,,,,,,,,,,,,,,,,,,
,,,,,,2021-09-22,9.63,9.939,9.44,9.77,100351.0,0.0,,,,,,,,,,,,,,,,,,,,,,,
,,,,,,2021-09-25,9.73,10.22,9.73,10.13,201431.0,0.0,,,,,,,,,,,,,,,,,,,,,,,
,,,,,,2021-09-26,10.13,10.5,10.0,10.15,116673.0,0.0,,,,,,,,,,,,,,,,,,,,,,,
,,,,,,2021-09-27,10.15,10.4,10.115,10.23,99666.0,0.0,,,,,,,,,,,,,,,,,,,,,,,
,,,,,,2021-09-28,10.23,10.35,10.12,10.24,87334.0,0.0,,,,,,,,,,,,,,,,,,,,,,,
,,,,,,2021-09-29,10.24,10.36,9.81,9.93,79414.0,0.0,,,,,,,,,,,,,,,,,,,,,,,
,,,,,,2021-10-02,9.95,10.05,9.58,9.99,91841.0,0.0,,,,,,,,,,,,,,,,,,,,,,,
,,,,,,2021-10-03,10.0,10.2,9.84,9.99,110859.0,0.0,,,,,,,,,,,,,,,,,,,,,,,
,,,,,,2021-10-04,10.0,10.01,9.7248,9.95,43541.0,0.0,,,,,,,,,,,,,,,,,,,,,,,
,,,,,,2021-10-05,9.9,10.1,9.56,9.59,123688.0,0.0,,,,,,,,,,,,,,,,,,,,,,,
,,,,,,2021-10-06,9.5,9.6,9.15,9.17,103663.0,0.0,,,,,,,,,,,,,,,,,,,,,,,
,,,,,,2021-10-09,9.18,9.24,8.26,8.37,168486.0,0.0,,,,,,,,,,,,,,,,,,,,,,,
,,,,,,2021-10-10,8.48,8.49,8.16,8.33,147255.0,0.0,,,,,,,,,,,,,,,,,,,,,,,
,,,,,,2021-10-11,8.26,8.37,7.68,7.8,361558.0,0.0,,,,,,,,,,,,,,,,,,,,,,,
,,,,,,2021-10-12,7.8,7.99,7.41,7.72,188326.0,0.0,,,,,,,,,,,,,,,,,,,,,,,
,,,,,,2021-10-13,7.73,8.44,7.69,8.35,133621.0,0.0,,,,,,,,,,,,,,,,,,,,,,,
,,,,,,2021-10-16,8.27,8.55,7.95,8.03,257943.0,0.0,,,,,,,,,,,,,,,,,,,,,,,
,,,,,,2021-10-17,7.97,8.08,7.83,7.93,105874.0,0.0,,,,,,,,,,,,,,,,,,,,,,,
,,,,,,2021-10-18,7.93,8.34,7.93,8.2,101933.0,0.0,,,,,,,,,,,,,,,,,,,,,,,
,,,,,,2021-10-19,8.22,8.35,8.135,8.24,58674.0,0.0,,,,,,,,,,,,,,,,,,,,,,,
,,,,,,2021-10-20,8.3,8.7,8.2323,8.63,106996.0,0.0,,,,,,,,,,,,,,,,,,,,,,,
,,,,,,2021-10-23,8.64,8.645,8.23,8.45,115156.0,0.0,,,,,,,,,,,,,,,,,,,,,,,
,,,,,,2021-10-24,8.45,8.6,8.41,8.42,37567.0,0.0,,,,,,,,,,,,,,,,,,,,,,,
,,,,,,2021-10-25,8.41,8.42,8.11,8.3,41406.0,0.0,,,,,,,,,,,,,,,,,,,,,,,
,,,,,,2021-10-26,8.32,8.45,8.13,8.32,72610.0,0.0,,,,,,,,,,,,,,,,,,,,,,,
,,,,,,2021-10-27,8.41,8.61,8.2,8.56,59722.0,0.0,,,,,,,,,,,,,,,,,,,,,,,
,,,,,,2021-10-30,8.43,8.49,8.11,8.2,68413.0,0.0,,,,,,,,,,,,,,,,,,,,,,,
,,,,,,2021-10-31,8.25,8.36,7.92,7.92,143119.0,0.0,,,,,,,,,,,,,,,,,,,,,,,
,,,,,,2021-11-01,7.96,7.97,7.53,7.55,118113.0,0.0,,,,,,,,,,,,,,,,,,,,,,,
,,,,,,2021-11-02,8.9,10.97,8.575,10.02,567281.0,0.0,,,,,,,,,,,,,,,,,,,,,,,
,,,,,,2021-11-03,10.36,10.48,9.77,10.08,369194.0,0.0,,,,,,,,,,,,,,,,,,,,,,,
,,,,,,2021-11-06,10.08,11.36,10.0,11.14,270448.0,0.0,,,,,,,,,,,,,,,,,,,,,,,
,,,,,,2021-11-07,11.07,11.07,11.07,11.07,177182.0,0.0,,,,,,,,,,,,,,,,,,,,,,,
,,,,,,2021-11-08,11.0,11.94,10.7636,11.11,972312.0,0.0,,,,,,,,,,,,,,,,,,,,,,,
,,,,,,2021-11-09,11.02,11.34,10.7203,10.88,152757.0,0.0,,,,,,,,,,,,,,,,,,,,,,,
,,,,,,2021-11-10,10.9,11.4,10.735,11.28,143945.0,0.0,,,,,,,,,,,,,,,,,,,,,,,
